No,Date,Year,Language Group,Speech/Event,Interaction Type,Field Domain,Field,Tenor,Mode,Opening Evidence,Word Count,File Path
001,2024-10-20,2024,English,"Jamuan Santap Malam Resmi untuk Pemimpin Negara dan Utusan Khusus, 20 Oktober 2024",Ceremonial / policy address,International diplomacy and strategic partnership,"Bilateral or multilateral diplomacy, foreign relations, and strategic cooperation; activity type—ceremonial / policy address; institutional setting—presidential/state discourse.","Participants—President Prabowo Subianto and foreign leaders/diplomatic or international elites; relationship—formally equal sovereign actors, high mutual respect; social proximity—distant to moderately close, protocol-bound.","Language role—primary/informational, ceremonial, and persuasive; channel—voice/sound; medium—spoken transcript; register—formal to semi-formal; language—English; genre—prepared presidential speech/address.","Your presence here not only is a great honor for me personally, but more important it is a great honor for my people and my country. The fact that you have made the effort to travel many many miles to leave your importa...",177,"/Users/sastrajendra/Documents/Currents/Research Papers/Prabowo's Speeches/English/001 - President Speech - 2024-10-20 - Jamuan Santap Malam Resmi untuk Pemimpin Negara dan Utusan Khusus, 20 Oktober 2024.txt"
002,2024-10-20,2024,Bahasa Indonesia,Pengumuman Menteri Negara Kabinet Merah Putih,Presidential address,Cabinet and executive governance,"Cabinet coordination, government formation, budgeting, regulation, or executive decision-making; activity type—presidential address; institutional setting—presidential/state discourse.",Participants—President and citizens/sectoral public audience; relationship—asymmetrical national leadership with persuasive solidarity; social proximity—public but affectively inclusive.,"Language role—primary/informational, ceremonial, and persuasive; channel—voice/sound; medium—spoken transcript; register—formal; language—Bahasa Indonesia; genre—prepared presidential speech/address.","Bismillahirrahmanirrahim. Assalamu’alaikum warahmatullahi wabarakatuh, Salam sejahtera bagi kita sekalian, Syalom, Om swastiastu, Namo buddhaya, Salam kebajikan. Selamat malam Saudara-saudara sekalian, Sebagaimana telah...",1293,/Users/sastrajendra/Documents/Currents/Research Papers/Prabowo's Speeches/Bahasa Indonesia/002 - President Speech - 2024-10-20 - Pengumuman Menteri Negara Kabinet Merah Putih.txt
003,2024-10-20,2024,Bahasa Indonesia,Sidang Paripurna MPR RI dalam rangka Pelantikan Presiden dan Wakil Presiden RI Terpilih Periode 2024-2029,Presidential address,General presidential communication,"State leadership, public accountability, and national direction; activity type—presidential address; institutional setting—presidential/state discourse.",Participants—President and citizens/sectoral public audience; relationship—asymmetrical national leadership with persuasive solidarity; social proximity—public but affectively inclusive.,"Language role—primary/informational, ceremonial, and persuasive; channel—voice/sound; medium—spoken transcript; register—formal; language—Bahasa Indonesia; genre—prepared presidential speech/address.","Bismillahirahmanirahim. Assalamu’alaikum warahmatullahi wabarakatuh, Salam sejahtera untuk kita sekalian, Syalom, Om Swastiastu, Namo Buddhaya, Salam Kebajikan, Rahayu, Rahayu. Yang saya hormati dan yang saya muliakan,...",3911,/Users/sastrajendra/Documents/Currents/Research Papers/Prabowo's Speeches/Bahasa Indonesia/003 - President Speech - 2024-10-20 - Sidang Paripurna MPR RI dalam rangka Pelantikan Presiden dan Wakil Presiden RI Terpilih Periode 2024-2029.txt
004,2024-10-23,2024,Bahasa Indonesia,Sidang Kabinet Paripurna,Cabinet/executive briefing,Cabinet and executive governance,"Cabinet coordination, government formation, budgeting, regulation, or executive decision-making; activity type—cabinet/executive briefing; institutional setting—presidential/state discourse.","Participants—President as head of government and ministers/senior officials as institutional subordinates; relationship—hierarchical and directive; social proximity—professional, relatively close within government.",Language role—primary/instructional and policy-orienting; channel—voice/sound; medium—spoken transcript; register—formal; language—Bahasa Indonesia; genre—executive directive/briefing.,"Bismillahirrahmanirrahim. Assalamu’alaikum Warahmatullahi Wabarakatuh, Selamat siang, Salam sejahtera bagi kita sekalian, Syalom, Om Swastiastu, Namo Buddhaya, Salam Kebajikan, Rahayu rahayu. Saudara-saudara sekalian, p...",1664,/Users/sastrajendra/Documents/Currents/Research Papers/Prabowo's Speeches/Bahasa Indonesia/004 - President Speech - 2024-10-23 - Sidang Kabinet Paripurna.txt
005,2024-10-25,2024,Bahasa Indonesia,"Jamuan Santap Malam Kabinet Merah Putih di Ruang Makan Husein, Komplek Akademi Militer (Akmil)",Ceremonial / policy address,"Defence, security, law, and public order","Defence institutions, police/military, law enforcement, corruption, narcotics, or security; activity type—ceremonial / policy address; institutional setting—presidential/state discourse.",Participants—President and citizens/sectoral public audience; relationship—asymmetrical national leadership with persuasive solidarity; social proximity—public but affectively inclusive.,"Language role—primary/informational, ceremonial, and persuasive; channel—voice/sound; medium—spoken transcript; register—formal; language—Bahasa Indonesia; genre—prepared presidential speech/address.","Saudara-saudara sekalian, Wakil Presiden Republik Indonesia yang saya hormati, Para Menteri Koordinator yang saya hormati, Para Menteri dan Wakil Menteri Kabinet Merah Putih yang saya hormati, saya banggakan, Para Kepal...",796,"/Users/sastrajendra/Documents/Currents/Research Papers/Prabowo's Speeches/Bahasa Indonesia/005 - President Speech - 2024-10-25 - Jamuan Santap Malam Kabinet Merah Putih di Ruang Makan Husein, Komplek Akademi Militer (Akmil).txt"
006,2024-11-05,2024,Bahasa Indonesia,Penandatanganan Peraturan Pemerintah (PP) Nomor 47 Tahun 2024 tentang Penghapusan Piutang Macet Kepada,Presidential address,Cabinet and executive governance,"Cabinet coordination, government formation, budgeting, regulation, or executive decision-making; activity type—presidential address; institutional setting—presidential/state discourse.",Participants—President and citizens/sectoral public audience; relationship—asymmetrical national leadership with persuasive solidarity; social proximity—public but affectively inclusive.,"Language role—primary/informational, ceremonial, and persuasive; channel—voice/sound; medium—spoken transcript; register—formal; language—Bahasa Indonesia; genre—prepared presidential speech/address.","Saudara-saudaraku sebangsa dan setanah air di mana pun engkau berada; Para Menteri Kabinet Merah Putih yang hadir, Jaksa Agung, Panglima TNI, Kapolri, KaBIN yang hadir; Perwakilan organisasi tani dan nelayan yang hadir;...",213,/Users/sastrajendra/Documents/Currents/Research Papers/Prabowo's Speeches/Bahasa Indonesia/006 - President Speech - 2024-11-05 - Penandatanganan Peraturan Pemerintah (PP) Nomor 47 Tahun 2024 tentang Penghapusan Piutang Macet Kepada.txt
007,2024-11-06,2024,Bahasa Indonesia,"pada Kunjungan Perdana Menteri Singapura Lawrence Wong, 6 November 2024",Diplomatic exchange / joint statement,International diplomacy and strategic partnership,"Bilateral or multilateral diplomacy, foreign relations, and strategic cooperation; activity type—diplomatic exchange / joint statement; institutional setting—presidential/state discourse.","Participants—President Prabowo Subianto and foreign leaders/diplomatic or international elites; relationship—formally equal sovereign actors, high mutual respect; social proximity—distant to moderately close, protocol-bound.",Language role—primary/ceremonial and persuasive; channel—voice/sound; medium—spoken transcript; register—formal; language—Bahasa Indonesia; genre—diplomatic address or joint statement.,Perdana Menteri Lawrence Wong yang saya hormati dan yang saya muliakan; Delegasi dari Singapura; Saudara sekalian para Menteri Kabinet Merah Putih; Saudara-saudaraku sebangsa dan setanah air; Rekan-rekan media yang saya...,589,"/Users/sastrajendra/Documents/Currents/Research Papers/Prabowo's Speeches/Bahasa Indonesia/007 - President Speech - 2024-11-06 - pada Kunjungan Perdana Menteri Singapura Lawrence Wong, 6 November 2024.txt"
008,2024-11-06,2024,Bahasa Indonesia,Sidang Kabinet Paripurna,Cabinet/executive briefing,Cabinet and executive governance,"Cabinet coordination, government formation, budgeting, regulation, or executive decision-making; activity type—cabinet/executive briefing; institutional setting—presidential/state discourse.","Participants—President as head of government and ministers/senior officials as institutional subordinates; relationship—hierarchical and directive; social proximity—professional, relatively close within government.","Language role—primary/instructional and policy-orienting; channel—voice/sound; medium—spoken transcript; register—semi-formal, partly spontaneous; language—Bahasa Indonesia; genre—executive directive/briefing.","Bismillahirrahmanirrahim. Assalamu’alaikum warahmatullahi wabarakatuh Selamat sore, Salam sejahtera bagi kita sekalian, Syalom, Om Swastiastu, Namo buddhaya, Salam kebajikan Rahayu rahayu. Yang saya hormati Saudara Waki...",404,/Users/sastrajendra/Documents/Currents/Research Papers/Prabowo's Speeches/Bahasa Indonesia/008 - President Speech - 2024-11-06 - Sidang Kabinet Paripurna.txt
009,2024-11-08,2024,Bahasa Indonesia,"Keberangkatan Kunjungan Kerja Presiden ke Beijing, Republik Rakyat Tiongkok",Presidential address,International diplomacy and strategic partnership,"Bilateral or multilateral diplomacy, foreign relations, and strategic cooperation; activity type—presidential address; institutional setting—presidential/state discourse.","Participants—President Prabowo Subianto and foreign leaders/diplomatic or international elites; relationship—formally equal sovereign actors, high mutual respect; social proximity—distant to moderately close, protocol-bound.","Language role—primary/informational, ceremonial, and persuasive; channel—voice/sound; medium—spoken transcript; register—formal; language—Bahasa Indonesia; genre—prepared presidential speech/address.","Bismillahirrahmanirrahim Assalamu’alaikum warahmatullahi wabarakatuh Salam sejahtera bagi kita sekalian , Syalom, Om Swastiastu, Namo Buddhaya, Saudara-saudara sekalian, Saudara-saudara sebangsa dan setanah air di manau...",387,"/Users/sastrajendra/Documents/Currents/Research Papers/Prabowo's Speeches/Bahasa Indonesia/009 - President Speech - 2024-11-08 - Keberangkatan Kunjungan Kerja Presiden ke Beijing, Republik Rakyat Tiongkok.txt"
010,2024-11-09,2024,English,Pertemuan Bilateral Presiden RI dengan Ketua Kongres Rakyat Nasional RRT,Diplomatic exchange / joint statement,International diplomacy and strategic partnership,"Bilateral or multilateral diplomacy, foreign relations, and strategic cooperation; activity type—diplomatic exchange / joint statement; institutional setting—presidential/state discourse.","Participants—President Prabowo Subianto and foreign leaders/diplomatic or international elites; relationship—formally equal sovereign actors, high mutual respect; social proximity—distant to moderately close, protocol-bound.",Language role—primary/ceremonial and persuasive; channel—voice/sound; medium—spoken transcript; register—formal; language—English; genre—diplomatic address or joint statement.,"Thank you very much, Your Excellency, for your kind remarks. I, first of all, thank you very much, Your Excellency the Chairman of the National People’s Congress Standing Committee and all Distinguished Members of the N...",291,/Users/sastrajendra/Documents/Currents/Research Papers/Prabowo's Speeches/English/010 - President Speech - 2024-11-09 - Pertemuan Bilateral Presiden RI dengan Ketua Kongres Rakyat Nasional RRT.txt
011,2024-11-09,2024,English,Pertemuan Bilateral Presiden RI dengan Perdana Menteri RRT,Diplomatic exchange / joint statement,International diplomacy and strategic partnership,"Bilateral or multilateral diplomacy, foreign relations, and strategic cooperation; activity type—diplomatic exchange / joint statement; institutional setting—presidential/state discourse.","Participants—President Prabowo Subianto and foreign leaders/diplomatic or international elites; relationship—formally equal sovereign actors, high mutual respect; social proximity—distant to moderately close, protocol-bound.",Language role—primary/ceremonial and persuasive; channel—voice/sound; medium—spoken transcript; register—formal; language—English; genre—diplomatic address or joint statement.,"Thank you very much, Your Excellency Prime Minister of the People’s Republic of China, Your Excellency Mr Li Qiang and Distinguished Leaders of the Government of the People’s Republic of China. Once again, thank you ver...",474,/Users/sastrajendra/Documents/Currents/Research Papers/Prabowo's Speeches/English/011 - President Speech - 2024-11-09 - Pertemuan Bilateral Presiden RI dengan Perdana Menteri RRT.txt
012,2024-11-09,2024,English,Pertemuan Bilateral Presiden RI dengan Presiden RRT,Diplomatic exchange / joint statement,International diplomacy and strategic partnership,"Bilateral or multilateral diplomacy, foreign relations, and strategic cooperation; activity type—diplomatic exchange / joint statement; institutional setting—presidential/state discourse.","Participants—President Prabowo Subianto and foreign leaders/diplomatic or international elites; relationship—formally equal sovereign actors, high mutual respect; social proximity—distant to moderately close, protocol-bound.",Language role—primary/ceremonial and persuasive; channel—voice/sound; medium—spoken transcript; register—formal; language—English; genre—diplomatic address or joint statement.,"Your Excellency President Xi Jinping, President of the People’s Republic of China and Distinguished Leaders of the Government of the People’s Republic of China. First of all, I am very grateful that you have received me...",367,/Users/sastrajendra/Documents/Currents/Research Papers/Prabowo's Speeches/English/012 - President Speech - 2024-11-09 - Pertemuan Bilateral Presiden RI dengan Presiden RRT.txt
013,2024-11-10,2024,English,"Remarks of President Prabowo Subianto at Indonesia-China Business Forum, in Beijing, People’s Republic",Ceremonial / policy address,International diplomacy and strategic partnership,"Bilateral or multilateral diplomacy, foreign relations, and strategic cooperation; activity type—ceremonial / policy address; institutional setting—presidential/state discourse.","Participants—President Prabowo Subianto and foreign leaders/diplomatic or international elites; relationship—formally equal sovereign actors, high mutual respect; social proximity—distant to moderately close, protocol-bound.","Language role—primary/informational, ceremonial, and persuasive; channel—voice/sound; medium—spoken transcript; register—formal; language—English; genre—prepared presidential speech/address.","His Excellency Mr. Gao Yunlong, Vice Chairman of the 14th National Committee of the Chinese People’s Political Consultative Conference, and also Chairperson of the All-China Federation of Industry and Commerce. Thank yo...",619,"/Users/sastrajendra/Documents/Currents/Research Papers/Prabowo's Speeches/English/013 - President Speech - 2024-11-10 - Remarks of President Prabowo Subianto at Indonesia-China Business Forum, in Beijing, People’s Republic.txt"
014,2024-11-11,2024,Bahasa Indonesia,usai Pertemuan dengan Anggota Korporasi The United States – Indonesia Society (USINDO),Press statement / media Q&A,International diplomacy and strategic partnership,"Bilateral or multilateral diplomacy, foreign relations, and strategic cooperation; activity type—press statement / media q&a; institutional setting—presidential/state discourse.","Participants—President Prabowo Subianto and journalists/media, with the wider public as overhearing audience; relationship—asymmetrical institutional authority with responsive questioning; social proximity—public, medium distance.","Language role—primary/interpersonal and informational; channel—voice/sound; medium—spoken transcript; register—semi-formal, partly spontaneous; language—Bahasa Indonesia; genre—press transcript with question-answer or statement-response organization.","Presiden Republik Indonesia (Prabowo Subianto) Ya saya sangat gembira, pertemuan tadi dengan perusahaan-perusahaan terbesar di Amerika dan di dunia. Mereka sangat terlibat dalam perekonomian Indonesia, dalam pembangunan...",101,/Users/sastrajendra/Documents/Currents/Research Papers/Prabowo's Speeches/Bahasa Indonesia/014 - President Speech - 2024-11-11 - usai Pertemuan dengan Anggota Korporasi The United States – Indonesia Society (USINDO).txt
015,2024-11-12,2024,English,"Pertemuan Bilateral Presiden RI dengan Presiden Amerika Serikat di White House, Washington DC, Amerika",Diplomatic exchange / joint statement,International diplomacy and strategic partnership,"Bilateral or multilateral diplomacy, foreign relations, and strategic cooperation; activity type—diplomatic exchange / joint statement; institutional setting—presidential/state discourse.","Participants—President Prabowo Subianto and foreign leaders/diplomatic or international elites; relationship—formally equal sovereign actors, high mutual respect; social proximity—distant to moderately close, protocol-bound.",Language role—primary/ceremonial and persuasive; channel—voice/sound; medium—spoken transcript; register—formal to semi-formal; language—English; genre—diplomatic address or joint statement.,"Thank you, thank you President Biden, thank you for receiving me. I also would like to thank you, you phoned me, yourself, upon my election and the… yeah thank you very much and then finally I could make it, and you rec...",118,"/Users/sastrajendra/Documents/Currents/Research Papers/Prabowo's Speeches/English/015 - President Speech - 2024-11-12 - Pertemuan Bilateral Presiden RI dengan Presiden Amerika Serikat di White House, Washington DC, Amerika.txt"
016,2024-11-13,2024,Bahasa Indonesia,"usai Pertemuan dengan Menteri Pertahanan Amerika Serikat, 13 November 2024",Press statement / media Q&A,"Defence, security, law, and public order","Defence institutions, police/military, law enforcement, corruption, narcotics, or security; activity type—press statement / media q&a; institutional setting—presidential/state discourse.","Participants—President Prabowo Subianto and journalists/media, with the wider public as overhearing audience; relationship—asymmetrical institutional authority with responsive questioning; social proximity—public, medium distance.","Language role—primary/interpersonal and informational; channel—voice/sound; medium—spoken transcript; register—semi-formal, partly spontaneous; language—Bahasa Indonesia; genre—press transcript with question-answer or statement-response organization.","Wartawan Bagaimana Pak tadi pertemuan sama Menhan AS? Presiden Republik Indonesia (Prabowo Subianto) Saya kira hubungan baik, saya sama beliau sudah bekerja sama lama ya. Ya kita bicara masalah-masalah yang saya kira ya...",261,"/Users/sastrajendra/Documents/Currents/Research Papers/Prabowo's Speeches/Bahasa Indonesia/016 - President Speech - 2024-11-13 - usai Pertemuan dengan Menteri Pertahanan Amerika Serikat, 13 November 2024.txt"
017,2024-11-14,2024,English,"Keynote Speech Presiden Prabowo Subianto pada APEC CEO Summit Peru 2024, 14 November 2024",Ceremonial / policy address,International diplomacy and strategic partnership,"Bilateral or multilateral diplomacy, foreign relations, and strategic cooperation; activity type—ceremonial / policy address; institutional setting—presidential/state discourse.","Participants—President Prabowo Subianto and foreign leaders/diplomatic or international elites; relationship—formally equal sovereign actors, high mutual respect; social proximity—distant to moderately close, protocol-bound.","Language role—primary/informational, ceremonial, and persuasive; channel—voice/sound; medium—spoken transcript; register—formal; language—English; genre—prepared presidential speech/address.","His Excellency Mr. Fernando Zavala, Chairman of the APEC CEO Summit 2024 and former Prime Minister of Peru; Distinguished Panelists; Distinguished Delegates from Indonesia, all the Ministers attending; I would like also...",1073,"/Users/sastrajendra/Documents/Currents/Research Papers/Prabowo's Speeches/English/017 - President Speech - 2024-11-14 - Keynote Speech Presiden Prabowo Subianto pada APEC CEO Summit Peru 2024, 14 November 2024.txt"
018,2024-11-14,2024,English,Press Statement of President Prabowo Subianto after Bilateral Meeting of President of the Republic of,Diplomatic exchange / joint statement,International diplomacy and strategic partnership,"Bilateral or multilateral diplomacy, foreign relations, and strategic cooperation; activity type—diplomatic exchange / joint statement; institutional setting—presidential/state discourse.","Participants—President Prabowo Subianto and foreign leaders/diplomatic or international elites; relationship—formally equal sovereign actors, high mutual respect; social proximity—distant to moderately close, protocol-bound.",Language role—primary/ceremonial and persuasive; channel—voice/sound; medium—spoken transcript; register—formal; language—English; genre—diplomatic address or joint statement.,"Your Excellency Madam President Dina Boluarte, Distinguished Leaders of the Peruvian Government, friends from the media, Once again I would like to thank Madam President Dina Boluarte for your kind reception, the grand...",320,/Users/sastrajendra/Documents/Currents/Research Papers/Prabowo's Speeches/English/018 - President Speech - 2024-11-14 - Press Statement of President Prabowo Subianto after Bilateral Meeting of President of the Republic of.txt
019,2024-11-14,2024,English,Remarks of President Prabowo Subianto after Bilateral Meeting of President of the Republic of Indonesia,Diplomatic exchange / joint statement,International diplomacy and strategic partnership,"Bilateral or multilateral diplomacy, foreign relations, and strategic cooperation; activity type—diplomatic exchange / joint statement; institutional setting—presidential/state discourse.","Participants—President Prabowo Subianto and foreign leaders/diplomatic or international elites; relationship—formally equal sovereign actors, high mutual respect; social proximity—distant to moderately close, protocol-bound.",Language role—primary/ceremonial and persuasive; channel—voice/sound; medium—spoken transcript; register—formal to semi-formal; language—English; genre—diplomatic address or joint statement.,"Once again, I would like to thank you for the very great reception I have received. This is, yes, my first time to visit officially Peru. And I would like to emphasize here that I would like to strengthen the relations...",152,/Users/sastrajendra/Documents/Currents/Research Papers/Prabowo's Speeches/English/019 - President Speech - 2024-11-14 - Remarks of President Prabowo Subianto after Bilateral Meeting of President of the Republic of Indonesia.txt
020,2024-11-16,2024,Bahasa Indonesia,"usai Leaders Retreat Konferensi Tingkat Tinggi (KTT) APEC 2024, 16 November 2024",Press statement / media Q&A,International diplomacy and strategic partnership,"Bilateral or multilateral diplomacy, foreign relations, and strategic cooperation; activity type—press statement / media q&a; institutional setting—presidential/state discourse.","Participants—President Prabowo Subianto and journalists/media, with the wider public as overhearing audience; relationship—asymmetrical institutional authority with responsive questioning; social proximity—public, medium distance.","Language role—primary/interpersonal and informational; channel—voice/sound; medium—spoken transcript; register—semi-formal, partly spontaneous; language—Bahasa Indonesia; genre—press transcript with question-answer or statement-response organization.","Wartawan Soal APEC, Pak? Presiden Republik Indonesia (Prabowo Subianto) Ya saya kira kesempatan yang baik APEC (Asia-Pacific Economic Cooperation) ya, kita meneruskan suatu jaringan/network antara pemimpin-pemimpin di P...",90,"/Users/sastrajendra/Documents/Currents/Research Papers/Prabowo's Speeches/Bahasa Indonesia/020 - President Speech - 2024-11-16 - usai Leaders Retreat Konferensi Tingkat Tinggi (KTT) APEC 2024, 16 November 2024.txt"
021,2024-11-17,2024,English,"Forum Bisnis Indonesia-Brasil, 17 November 2024",Ceremonial / policy address,International diplomacy and strategic partnership,"Bilateral or multilateral diplomacy, foreign relations, and strategic cooperation; activity type—ceremonial / policy address; institutional setting—presidential/state discourse.","Participants—President Prabowo Subianto and foreign leaders/diplomatic or international elites; relationship—formally equal sovereign actors, high mutual respect; social proximity—distant to moderately close, protocol-bound.","Language role—primary/informational, ceremonial, and persuasive; channel—voice/sound; medium—spoken transcript; register—formal; language—English; genre—prepared presidential speech/address.","Ladies and Gentlemen, Attendees of the Indonesia-Brazil Business Forum. Thank you very much for this occasion, thank you very much for the organizers, and thank you very much distinguished guests who I understand come f...",1316,"/Users/sastrajendra/Documents/Currents/Research Papers/Prabowo's Speeches/English/021 - President Speech - 2024-11-17 - Forum Bisnis Indonesia-Brasil, 17 November 2024.txt"
022,2024-11-17,2024,English,"Sambutan Presiden Prabowo pada Pertemuan Bilateral dengan Sekretaris Jenderal (Sekjen) PBB, 17 November",Diplomatic exchange / joint statement,International diplomacy and strategic partnership,"Bilateral or multilateral diplomacy, foreign relations, and strategic cooperation; activity type—diplomatic exchange / joint statement; institutional setting—presidential/state discourse.","Participants—President Prabowo Subianto and foreign leaders/diplomatic or international elites; relationship—formally equal sovereign actors, high mutual respect; social proximity—distant to moderately close, protocol-bound.",Language role—primary/ceremonial and persuasive; channel—voice/sound; medium—spoken transcript; register—formal; language—English; genre—diplomatic address or joint statement.,"First of all, Your Excellency Secretary General of the United Nations, His Excellency Mr. Antonio Guterres, thank you very much for meeting with us today in the middle of your very busy schedule. I understand you flew 2...",441,"/Users/sastrajendra/Documents/Currents/Research Papers/Prabowo's Speeches/English/022 - President Speech - 2024-11-17 - Sambutan Presiden Prabowo pada Pertemuan Bilateral dengan Sekretaris Jenderal (Sekjen) PBB, 17 November.txt"
023,2024-11-17,2024,Bahasa Indonesia,"usai Pertemuan Bilateral dengan Sekretaris Jenderal (Sekjen) PBB, 17 November 2024",Press statement / media Q&A,International diplomacy and strategic partnership,"Bilateral or multilateral diplomacy, foreign relations, and strategic cooperation; activity type—press statement / media q&a; institutional setting—presidential/state discourse.","Participants—President Prabowo Subianto and journalists/media, with the wider public as overhearing audience; relationship—asymmetrical institutional authority with responsive questioning; social proximity—public, medium distance.","Language role—primary/interpersonal and informational; channel—voice/sound; medium—spoken transcript; register—semi-formal, partly spontaneous; language—Bahasa Indonesia; genre—press transcript with question-answer or statement-response organization.","Wartawan Tadi kan memulai lawatan pertama [di Brasil] dengan bertemu Sekjen PBB. Tadi apa saja sih Pak, yang ditekankan? Presiden Republik Indonesia (Prabowo Subianto) Jadi Sekjen PBB sangat menghargai sikap Indonesia d...",400,"/Users/sastrajendra/Documents/Currents/Research Papers/Prabowo's Speeches/Bahasa Indonesia/023 - President Speech - 2024-11-17 - usai Pertemuan Bilateral dengan Sekretaris Jenderal (Sekjen) PBB, 17 November 2024.txt"
024,2024-11-18,2024,English,"Sesi Pertama Konferensi Tingkat Tinggi (KTT) G20, 18 November 2024",Ceremonial / policy address,International diplomacy and strategic partnership,"Bilateral or multilateral diplomacy, foreign relations, and strategic cooperation; activity type—ceremonial / policy address; institutional setting—presidential/state discourse.","Participants—President Prabowo Subianto and foreign leaders/diplomatic or international elites; relationship—formally equal sovereign actors, high mutual respect; social proximity—distant to moderately close, protocol-bound.","Language role—primary/informational, ceremonial, and persuasive; channel—voice/sound; medium—spoken transcript; register—formal; language—English; genre—prepared presidential speech/address.","Thank you very much. It is my great honor today to address this G20 Summit. It is my first summit. Your Excellency, President of the Federative Republic of Brazil, Mr. Luiz Inácio Lula da Silva; Esteemed Leaders of the...",427,"/Users/sastrajendra/Documents/Currents/Research Papers/Prabowo's Speeches/English/024 - President Speech - 2024-11-18 - Sesi Pertama Konferensi Tingkat Tinggi (KTT) G20, 18 November 2024.txt"
025,2024-11-19,2024,English,"Sesi Ketiga Konferensi Tingkat Tinggi (KTT) G20, 19 November 2024",Ceremonial / policy address,International diplomacy and strategic partnership,"Bilateral or multilateral diplomacy, foreign relations, and strategic cooperation; activity type—ceremonial / policy address; institutional setting—presidential/state discourse.","Participants—President Prabowo Subianto and foreign leaders/diplomatic or international elites; relationship—formally equal sovereign actors, high mutual respect; social proximity—distant to moderately close, protocol-bound.","Language role—primary/informational, ceremonial, and persuasive; channel—voice/sound; medium—spoken transcript; register—formal; language—English; genre—prepared presidential speech/address.","President Lula; Distinguished Excellencies. Yesterday we have discussed the problems of poverty and hunger. We all have strong commitments to address the issues. Those challenges indeed affect developing countries, thei...",573,"/Users/sastrajendra/Documents/Currents/Research Papers/Prabowo's Speeches/English/025 - President Speech - 2024-11-19 - Sesi Ketiga Konferensi Tingkat Tinggi (KTT) G20, 19 November 2024.txt"
026,2024-11-21,2024,Bahasa Indonesia,usai Menghadiri CEO Roundtable Forum,Press statement / media Q&A,"Economy, investment, and business","Investment promotion, banking, business confidence, trade, finance, or industrial growth; activity type—press statement / media q&a; institutional setting—presidential/state discourse.","Participants—President Prabowo Subianto and journalists/media, with the wider public as overhearing audience; relationship—asymmetrical institutional authority with responsive questioning; social proximity—public, medium distance.","Language role—primary/interpersonal and informational; channel—voice/sound; medium—spoken transcript; register—semi-formal, partly spontaneous; language—Bahasa Indonesia; genre—press transcript with question-answer or statement-response organization.","Presiden Republik Indonesia (Prabowo Subianto) Tentunya ini kan kunjungan kehormatan ya, saya datang. Dan beliau [Raja Charles III] sangat perhatian terhadap lingkungan, terhadap pelestarian hutan, pelestarian alam. Di...",456,/Users/sastrajendra/Documents/Currents/Research Papers/Prabowo's Speeches/Bahasa Indonesia/026 - President Speech - 2024-11-21 - usai Menghadiri CEO Roundtable Forum.txt
027,2024-11-23,2024,Bahasa Indonesia,"Pertemuan Bilateral Presiden RI dengan Presiden Uni Emirat Arab di Qasr Al Want, Abu Dhabi, 23 November",Diplomatic exchange / joint statement,International diplomacy and strategic partnership,"Bilateral or multilateral diplomacy, foreign relations, and strategic cooperation; activity type—diplomatic exchange / joint statement; institutional setting—presidential/state discourse.","Participants—President Prabowo Subianto and foreign leaders/diplomatic or international elites; relationship—formally equal sovereign actors, high mutual respect; social proximity—distant to moderately close, protocol-bound.",Language role—primary/ceremonial and persuasive; channel—voice/sound; medium—spoken transcript; register—formal; language—Bahasa Indonesia; genre—diplomatic address or joint statement.,"Yang saya hormati, Yang Mulia Presiden Uni Emirat Arab Presiden Mohamed bin Zayed Al Nahyan, beserta semua pimpinan dari Pemerintah Emirat yang saya hormati. Saya ingin ucapkan terima kasih yang sebesar-besarnya kepada...",437,"/Users/sastrajendra/Documents/Currents/Research Papers/Prabowo's Speeches/Bahasa Indonesia/027 - President Speech - 2024-11-23 - Pertemuan Bilateral Presiden RI dengan Presiden Uni Emirat Arab di Qasr Al Want, Abu Dhabi, 23 November.txt"
028,2024-11-28,2024,Bahasa Indonesia,Puncak Peringatan Hari Guru Nasional Tahun 2024,Presidential address,Education and human-capital development,"Schools, universities, teachers, students, defence education, or human-resource development; activity type—presidential address; institutional setting—presidential/state discourse.",Participants—President and citizens/sectoral public audience; relationship—asymmetrical national leadership with persuasive solidarity; social proximity—public but affectively inclusive.,"Language role—primary/informational, ceremonial, and persuasive; channel—voice/sound; medium—spoken transcript; register—formal; language—Bahasa Indonesia; genre—prepared presidential speech/address.","Bismillahirrahmanirrahim. Assalamu’alaikum warahmatullahi wabarakatuh. Salam sejahtera bagi kita sekalian, Syalom, Om swastiastu, Namo Buddhaya, Salam Kebajikan. Saudara-saudara sekalian yang saya hormati para Menteri K...",1834,/Users/sastrajendra/Documents/Currents/Research Papers/Prabowo's Speeches/Bahasa Indonesia/028 - President Speech - 2024-11-28 - Puncak Peringatan Hari Guru Nasional Tahun 2024.txt
029,2024-11-29,2024,Bahasa Indonesia,Pertemuan Tahunan Bank Indonesia 2024,Presidential address,"Economy, investment, and business","Investment promotion, banking, business confidence, trade, finance, or industrial growth; activity type—presidential address; institutional setting—presidential/state discourse.",Participants—President and citizens/sectoral public audience; relationship—asymmetrical national leadership with persuasive solidarity; social proximity—public but affectively inclusive.,"Language role—primary/informational, ceremonial, and persuasive; channel—voice/sound; medium—spoken transcript; register—formal; language—Bahasa Indonesia; genre—prepared presidential speech/address.","Bismillahirrahmanirrahim. Assalamu’alaikum warahmatullahi wabarakatuh. Selamat malam, Syalom, Om Swastiastu Namo Buddhaya, Rahayu, rahayu. Saudara-saudara yang saya hormati Ketua Majelis Permusyawaratan Rakyat Republik...",1881,/Users/sastrajendra/Documents/Currents/Research Papers/Prabowo's Speeches/Bahasa Indonesia/029 - President Speech - 2024-11-29 - Pertemuan Tahunan Bank Indonesia 2024.txt
030,2024-11-29,2024,Bahasa Indonesia,terkait Pengumuman Kenaikan Upah Minimum Nasional Tahun 2025,Presidential address,Cabinet and executive governance,"Cabinet coordination, government formation, budgeting, regulation, or executive decision-making; activity type—presidential address; institutional setting—presidential/state discourse.",Participants—President and citizens/sectoral public audience; relationship—asymmetrical national leadership with persuasive solidarity; social proximity—public but affectively inclusive.,"Language role—primary/informational, ceremonial, and persuasive; channel—voice/sound; medium—spoken transcript; register—formal; language—Bahasa Indonesia; genre—prepared presidential speech/address.","Bismillahirrahmanirrahim. Assalamu’alaikum warahmatullahi wabarakatuh, Selamat sore, Syalom, Om Swastiastu, Namo Buddhaya. Saudara-saudara sekalian yang saya hormati, Baru saja kami melaksanakan suatu Rapat Terbatas unt...",375,/Users/sastrajendra/Documents/Currents/Research Papers/Prabowo's Speeches/Bahasa Indonesia/030 - President Speech - 2024-11-29 - terkait Pengumuman Kenaikan Upah Minimum Nasional Tahun 2025.txt
031,2024-12-02,2024,Bahasa Indonesia,Sidang Kabinet Paripurna,Cabinet/executive briefing,Cabinet and executive governance,"Cabinet coordination, government formation, budgeting, regulation, or executive decision-making; activity type—cabinet/executive briefing; institutional setting—presidential/state discourse.","Participants—President as head of government and ministers/senior officials as institutional subordinates; relationship—hierarchical and directive; social proximity—professional, relatively close within government.",Language role—primary/instructional and policy-orienting; channel—voice/sound; medium—spoken transcript; register—formal; language—Bahasa Indonesia; genre—executive directive/briefing.,"Bismillahirrahmanirrahim. Assalamu’alaikum warahmatullahi wabarakatuh, Selamat sore, Salam sejahtera bagi kita sekalian, Syalom, Om swastiastu, Namo Buddhaya, Salam Kebajikan. Yang saya hormati Saudara Wakil Presiden, p...",1224,/Users/sastrajendra/Documents/Currents/Research Papers/Prabowo's Speeches/Bahasa Indonesia/031 - President Speech - 2024-12-02 - Sidang Kabinet Paripurna.txt
032,2024-12-03,2024,English,US-ASEAN Business Council (US-ABC),Presidential address,International diplomacy and strategic partnership,"Bilateral or multilateral diplomacy, foreign relations, and strategic cooperation; activity type—presidential address; institutional setting—presidential/state discourse.","Participants—President Prabowo Subianto and foreign leaders/diplomatic or international elites; relationship—formally equal sovereign actors, high mutual respect; social proximity—distant to moderately close, protocol-bound.","Language role—primary/informational, ceremonial, and persuasive; channel—voice/sound; medium—spoken transcript; register—formal; language—English; genre—prepared presidential speech/address.","The Coordinating Minister for Economic Affairs, the Honorable Mr. Airlangga Hartarto; Minister of Foreign Affairs, the Honorable Mr. Sugiono; Minister of Investment and Downstream, the Honorable Mr. Rosan Roeslani; Our...",329,/Users/sastrajendra/Documents/Currents/Research Papers/Prabowo's Speeches/English/032 - President Speech - 2024-12-03 - US-ASEAN Business Council (US-ABC).txt
033,2024-12-04,2024,Bahasa Indonesia,Pembukaan Sidang Tanwir dan Resepsi Milad ke-112 Muhammadiyah,Ceremonial / policy address,"Religious, cultural, and social solidarity","Religious commemoration, condolences, greetings, social harmony, or civic solidarity; activity type—ceremonial / policy address; institutional setting—presidential/state discourse.",Participants—President and citizens/sectoral public audience; relationship—asymmetrical national leadership with persuasive solidarity; social proximity—public but affectively inclusive.,"Language role—primary/informational, ceremonial, and persuasive; channel—voice/sound; medium—spoken transcript; register—formal; language—Bahasa Indonesia; genre—prepared presidential speech/address.","Bismillahirrahmanirrahim. Assalamu’alaikum warahmatullahi wabarakatuh. Salam sejahtera bagi kita sekalian, Syalom, Salve, Om swastiastu, Namo Buddhaya, Salam Kebajikan. Saudara-saudara, Bapak-Bapak-Ibu yang saya hormati...",3666,/Users/sastrajendra/Documents/Currents/Research Papers/Prabowo's Speeches/Bahasa Indonesia/033 - President Speech - 2024-12-04 - Pembukaan Sidang Tanwir dan Resepsi Milad ke-112 Muhammadiyah.txt
034,2024-12-10,2024,English,Jamuan Makan Siang Bersama Japan Indonesia Association (JAPINDA) dan Japan Jakarta Club (JJC),Ceremonial / policy address,"Economy, investment, and business","Investment promotion, banking, business confidence, trade, finance, or industrial growth; activity type—ceremonial / policy address; institutional setting—presidential/state discourse.",Participants—President and invited public/institutional audience; relationship—asymmetrical but ceremonially respectful; social proximity—public and formal.,"Language role—primary/informational, ceremonial, and persuasive; channel—voice/sound; medium—spoken transcript; register—formal; language—English; genre—prepared presidential speech/address.","Konnichiwa. Good afternoon. Distinguished members of Japan Indonesia Association and JCC atau JJC, Jakarta Japan Club. Vice President of JAPINDA Mr. Kitamura Toshiaki; Ambassador of Japan to Indonesia Mr. Masaki Yasushi...",634,/Users/sastrajendra/Documents/Currents/Research Papers/Prabowo's Speeches/English/034 - President Speech - 2024-12-10 - Jamuan Makan Siang Bersama Japan Indonesia Association (JAPINDA) dan Japan Jakarta Club (JJC).txt
035,2024-12-10,2024,Bahasa Indonesia,Penyerahan Secara Digital Daftar Isian Pelaksanaan Anggaran (DIPA) dan Buku Alokasi Transfer ke Daerah,Ceremonial / policy address,Cabinet and executive governance,"Cabinet coordination, government formation, budgeting, regulation, or executive decision-making; activity type—ceremonial / policy address; institutional setting—presidential/state discourse.",Participants—President and citizens/sectoral public audience; relationship—asymmetrical national leadership with persuasive solidarity; social proximity—public but affectively inclusive.,"Language role—primary/informational, ceremonial, and persuasive; channel—voice/sound; medium—spoken transcript; register—formal; language—Bahasa Indonesia; genre—prepared presidential speech/address.","Bismillahirrahmanirrahim. Assalamu’alaikum warahmatullahi wabarakatuh. Salam sejahtera untuk kita semua, Syalom, Om swastiastu, Namo Buddhaya, Salam Kebajikan. Yang saya hormati Saudara Wakil Presiden, para pimpinan lem...",1808,/Users/sastrajendra/Documents/Currents/Research Papers/Prabowo's Speeches/Bahasa Indonesia/035 - President Speech - 2024-12-10 - Penyerahan Secara Digital Daftar Isian Pelaksanaan Anggaran (DIPA) dan Buku Alokasi Transfer ke Daerah.txt
036,2024-12-10,2024,Bahasa Indonesia,Rapat Koordinasi Pengendalian Inflasi Daerah,Presidential address,"Economy, investment, and business","Investment promotion, banking, business confidence, trade, finance, or industrial growth; activity type—presidential address; institutional setting—presidential/state discourse.",Participants—President and invited public/institutional audience; relationship—asymmetrical but ceremonially respectful; social proximity—public and formal.,"Language role—primary/informational, ceremonial, and persuasive; channel—voice/sound; medium—spoken transcript; register—formal to semi-formal; language—Bahasa Indonesia; genre—prepared presidential speech/address.","Saya minta mekanisme ini dilanjutkan. Mendagri teruskan ini. Saya juga ucapkan terima kasih kepada semua pihak lintas kementerian di tingkat pusat dan juga di daerah. Terima kasih saya, penghargaan saya. Saya kira suatu...",270,/Users/sastrajendra/Documents/Currents/Research Papers/Prabowo's Speeches/Bahasa Indonesia/036 - President Speech - 2024-12-10 - Rapat Koordinasi Pengendalian Inflasi Daerah.txt
037,2024-12-10,2024,Bahasa Indonesia,terkait Pengunduran Diri Utusan Khusus Presiden Bidang Kerukunan Beragama dan Pembinaan Sarana Keagamaan,Press statement / media Q&A,"Religious, cultural, and social solidarity","Religious commemoration, condolences, greetings, social harmony, or civic solidarity; activity type—press statement / media q&a; institutional setting—presidential/state discourse.","Participants—President Prabowo Subianto and journalists/media, with the wider public as overhearing audience; relationship—asymmetrical institutional authority with responsive questioning; social proximity—public, medium distance.","Language role—primary/interpersonal and informational; channel—voice/sound; medium—spoken transcript; register—semi-formal, partly spontaneous; language—Bahasa Indonesia; genre—press transcript with question-answer or statement-response organization.","Presiden Republik Indonesia (Prabowo Subianto) Ya tadi saya sendiri belum lihat langsung, tapi di laporan beliau sudah mengundurkan diri. Komentar saya, saya kira itu adalah tindakan bertanggung jawab, tindakan kesatria...",285,/Users/sastrajendra/Documents/Currents/Research Papers/Prabowo's Speeches/Bahasa Indonesia/037 - President Speech - 2024-12-10 - terkait Pengunduran Diri Utusan Khusus Presiden Bidang Kerukunan Beragama dan Pembinaan Sarana Keagamaan.txt
038,2024-12-11,2024,Bahasa Indonesia,Peresmian Flyover Madukoro,Ceremonial / policy address,"Infrastructure, energy, and natural resources","Infrastructure delivery, energy transition, mining, plantations, oil, roads, or public works; activity type—ceremonial / policy address; institutional setting—presidential/state discourse.",Participants—President and citizens/sectoral public audience; relationship—asymmetrical national leadership with persuasive solidarity; social proximity—public but affectively inclusive.,"Language role—primary/informational, ceremonial, and persuasive; channel—voice/sound; medium—spoken transcript; register—formal to semi-formal; language—Bahasa Indonesia; genre—prepared presidential speech/address.","Alhamdulillah, pada hari yang berbahagia ini kita semua berkumpul untuk meresmikan salah satu infrastruktur yang penting, yaitu Flyover Madukoro di Kota Semarang. Kita mengerti bahwa infrastruktur adalah penting untuk m...",187,/Users/sastrajendra/Documents/Currents/Research Papers/Prabowo's Speeches/Bahasa Indonesia/038 - President Speech - 2024-12-11 - Peresmian Flyover Madukoro.txt
039,2024-12-12,2024,Bahasa Indonesia,Peresmian Terowongan Silaturahim Masjid Istiqlal-Gereja Katedral,Ceremonial / policy address,"Infrastructure, energy, and natural resources","Infrastructure delivery, energy transition, mining, plantations, oil, roads, or public works; activity type—ceremonial / policy address; institutional setting—presidential/state discourse.",Participants—President and citizens/sectoral public audience; relationship—asymmetrical national leadership with persuasive solidarity; social proximity—public but affectively inclusive.,"Language role—primary/informational, ceremonial, and persuasive; channel—voice/sound; medium—spoken transcript; register—formal; language—Bahasa Indonesia; genre—prepared presidential speech/address.","Bismillahirrahmanirrahim. Assalamu’alaikum warahmatullahi wabarakatuh, Selamat sore, Salam sejahtera bagi kita sekalian, Syalom Salve, Om Swastiastu, Namo Buddhaya, Salam kebajikan, Rahayu rahayu. Yang saya hormati para...",718,/Users/sastrajendra/Documents/Currents/Research Papers/Prabowo's Speeches/Bahasa Indonesia/039 - President Speech - 2024-12-12 - Peresmian Terowongan Silaturahim Masjid Istiqlal-Gereja Katedral.txt
040,2024-12-12,2024,English,the Inauguration of the Silaturahim Tunnel Connecting Istiqlal Mosque and Cathedral in Jakarta December,Press statement / media Q&A,"Religious, cultural, and social solidarity","Religious commemoration, condolences, greetings, social harmony, or civic solidarity; activity type—press statement / media q&a; institutional setting—presidential/state discourse.","Participants—President Prabowo Subianto and journalists/media, with the wider public as overhearing audience; relationship—asymmetrical institutional authority with responsive questioning; social proximity—public, medium distance.","Language role—primary/interpersonal and informational; channel—voice/sound; medium—spoken transcript; register—semi-formal, partly spontaneous; language—English; genre—press transcript with question-answer or statement-response organization.","Journalist: Good afternoon, Sir. What are your thoughts on the inauguration, and what message would you like to convey? President of the Republic of Indonesia (Prabowo Subianto): I think today we are very happy that the...",248,/Users/sastrajendra/Documents/Currents/Research Papers/Prabowo's Speeches/English/040 - President Speech - 2024-12-12 - the Inauguration of the Silaturahim Tunnel Connecting Istiqlal Mosque and Cathedral in Jakarta December.txt
041,2024-12-12,2024,Bahasa Indonesia,usai Peresmian Terowongan Silaturahim Masjid Istiqlal-Gereja Katedral,Press statement / media Q&A,"Infrastructure, energy, and natural resources","Infrastructure delivery, energy transition, mining, plantations, oil, roads, or public works; activity type—press statement / media q&a; institutional setting—presidential/state discourse.","Participants—President Prabowo Subianto and journalists/media, with the wider public as overhearing audience; relationship—asymmetrical institutional authority with responsive questioning; social proximity—public, medium distance.","Language role—primary/interpersonal and informational; channel—voice/sound; medium—spoken transcript; register—semi-formal, partly spontaneous; language—Bahasa Indonesia; genre—press transcript with question-answer or statement-response organization.","Wartawan Selamat sore, Pak. Bagaimana Pak soal peresmiannya, apa pesan yang ingin disampaikan? Presiden Republik Indonesia Prabowo Subianto Ya, baik. Saya kira hari ini kita sangat berbahagia, ya, telah diresmikan Terow...",206,/Users/sastrajendra/Documents/Currents/Research Papers/Prabowo's Speeches/Bahasa Indonesia/041 - President Speech - 2024-12-12 - usai Peresmian Terowongan Silaturahim Masjid Istiqlal-Gereja Katedral.txt
042,2024-12-16,2024,Bahasa Indonesia,Rapat Terbatas terkait Persiapan Natal 2024 dan Tahun Baru 2025,Cabinet/executive briefing,Cabinet and executive governance,"Cabinet coordination, government formation, budgeting, regulation, or executive decision-making; activity type—cabinet/executive briefing; institutional setting—presidential/state discourse.","Participants—President as head of government and ministers/senior officials as institutional subordinates; relationship—hierarchical and directive; social proximity—professional, relatively close within government.",Language role—primary/instructional and policy-orienting; channel—voice/sound; medium—spoken transcript; register—formal; language—Bahasa Indonesia; genre—executive directive/briefing.,"Bismillahirrahmanirrahim. Assalamu’alaikum warahmatullahi wabarakatuh, Selamat sore, Salam sejahtera bagi kita sekalian, Syalom, Salve, Om Swastiastu, Namo buddhaya, Salam kebajikan. Saudara Wakil Presiden, para Menko d...",164,/Users/sastrajendra/Documents/Currents/Research Papers/Prabowo's Speeches/Bahasa Indonesia/042 - President Speech - 2024-12-16 - Rapat Terbatas terkait Persiapan Natal 2024 dan Tahun Baru 2025.txt
043,2024-12-17,2024,Bahasa Indonesia,"sebelum Keberangkatan Kunjungan Kerja ke Kairo, Mesir",Presidential address,International diplomacy and strategic partnership,"Bilateral or multilateral diplomacy, foreign relations, and strategic cooperation; activity type—presidential address; institutional setting—presidential/state discourse.","Participants—President Prabowo Subianto and foreign leaders/diplomatic or international elites; relationship—formally equal sovereign actors, high mutual respect; social proximity—distant to moderately close, protocol-bound.","Language role—primary/informational, ceremonial, and persuasive; channel—voice/sound; medium—spoken transcript; register—formal; language—Bahasa Indonesia; genre—prepared presidential speech/address.","Bismillahirrahmanirrahim. Assalamu’alaikum warahmatullahi wabarakatuh. Selamat siang, Salam sejahtera bagi kita sekalian, Syalom, Salve, Om swastiastu, Namo Buddhaya, Salam Kebajikan. Saudara-saudara sekalian, Pada hari...",304,"/Users/sastrajendra/Documents/Currents/Research Papers/Prabowo's Speeches/Bahasa Indonesia/043 - President Speech - 2024-12-17 - sebelum Keberangkatan Kunjungan Kerja ke Kairo, Mesir.txt"
044,2024-12-18,2024,English,"Bilateral Meeting with President of the Republic of Egypt during State Visit to Egypt, at the Al",Diplomatic exchange / joint statement,International diplomacy and strategic partnership,"Bilateral or multilateral diplomacy, foreign relations, and strategic cooperation; activity type—diplomatic exchange / joint statement; institutional setting—presidential/state discourse.","Participants—President Prabowo Subianto and foreign leaders/diplomatic or international elites; relationship—formally equal sovereign actors, high mutual respect; social proximity—distant to moderately close, protocol-bound.",Language role—primary/ceremonial and persuasive; channel—voice/sound; medium—spoken transcript; register—formal; language—English; genre—diplomatic address or joint statement.,"Bismillahirrahmanirrahim. Assalamu’alaikum warahmatullahi wabarakatuh. Your Excellency President Abdel Fattah El-Sisi, President of the Arab Republic of Egypt; Ministers, state officials; The press. First, I would like...",698,"/Users/sastrajendra/Documents/Currents/Research Papers/Prabowo's Speeches/English/044 - President Speech - 2024-12-18 - Bilateral Meeting with President of the Republic of Egypt during State Visit to Egypt, at the Al.txt"
045,2024-12-18,2024,English,"Bilateral Meeting with Prime Minister of Pakistan at St. Regis Hotel New Capital, Cairo, Egypt, December",Press statement / media Q&A,International diplomacy and strategic partnership,"Bilateral or multilateral diplomacy, foreign relations, and strategic cooperation; activity type—press statement / media q&a; institutional setting—presidential/state discourse.","Participants—President Prabowo Subianto and journalists/media, with the wider public as overhearing audience; relationship—asymmetrical institutional authority with responsive questioning; social proximity—public, medium distance.","Language role—primary/interpersonal and informational; channel—voice/sound; medium—spoken transcript; register—semi-formal, partly spontaneous; language—English; genre—press transcript with question-answer or statement-response organization.","Journalist Sir, excuse me. May I ask for your thoughts on today’s agenda? President of the Republic of Indonesia (Prabowo Subianto) This morning, I believe you followed the agenda closely. I had a state visit where I wa...",279,"/Users/sastrajendra/Documents/Currents/Research Papers/Prabowo's Speeches/English/045 - President Speech - 2024-12-18 - Bilateral Meeting with Prime Minister of Pakistan at St. Regis Hotel New Capital, Cairo, Egypt, December.txt"
046,2024-12-18,2024,Bahasa Indonesia,Pertemuan dengan Mahasiswa Indonesia di Universitas Al-Azhar Kairo,Presidential address,Education and human-capital development,"Schools, universities, teachers, students, defence education, or human-resource development; activity type—presidential address; institutional setting—presidential/state discourse.",Participants—President and citizens/sectoral public audience; relationship—asymmetrical national leadership with persuasive solidarity; social proximity—public but affectively inclusive.,"Language role—primary/informational, ceremonial, and persuasive; channel—voice/sound; medium—spoken transcript; register—formal; language—Bahasa Indonesia; genre—prepared presidential speech/address.","Bismillahirrahmanirrahim. Assalamu’alaikum warahmatullahi wabarakatuh. Yang saya hormati Wakil Grand Syekh Al-Azhar Prof. Dr. Mohammed Abdel Rahman Ad Duweiny; Rektor Al-Azhar Prof. Dr. Salamah Dawud, serta seluruh peng...",2407,/Users/sastrajendra/Documents/Currents/Research Papers/Prabowo's Speeches/Bahasa Indonesia/046 - President Speech - 2024-12-18 - Pertemuan dengan Mahasiswa Indonesia di Universitas Al-Azhar Kairo.txt
047,2024-12-18,2024,English,"the Meeting with Indonesian Students at Al-Azhar University, Cairo, at the Al-Azhar Convention Center",Presidential address,Education and human-capital development,"Schools, universities, teachers, students, defence education, or human-resource development; activity type—presidential address; institutional setting—presidential/state discourse.",Participants—President and invited public/institutional audience; relationship—asymmetrical but ceremonially respectful; social proximity—public and formal.,"Language role—primary/informational, ceremonial, and persuasive; channel—voice/sound; medium—spoken transcript; register—formal; language—English; genre—prepared presidential speech/address.","Bismillahirrahmanirrahim. Assalamu’alaikum warahmatullahi wabarakatuh. Honorable Deputy Grand Sheikh of Al-Azhar Prof. Dr. Mohammed Abdel Rahman Ad Duweiny; Chancellor of Al-Azhar University Prof. Dr. Salamah Dawud, as...",2477,"/Users/sastrajendra/Documents/Currents/Research Papers/Prabowo's Speeches/English/047 - President Speech - 2024-12-18 - the Meeting with Indonesian Students at Al-Azhar University, Cairo, at the Al-Azhar Convention Center.txt"
048,2024-12-18,2024,Bahasa Indonesia,usai Pertemuan Bilateral dengan Perdana Menteri Pakistan,Press statement / media Q&A,International diplomacy and strategic partnership,"Bilateral or multilateral diplomacy, foreign relations, and strategic cooperation; activity type—press statement / media q&a; institutional setting—presidential/state discourse.","Participants—President Prabowo Subianto and journalists/media, with the wider public as overhearing audience; relationship—asymmetrical institutional authority with responsive questioning; social proximity—public, medium distance.","Language role—primary/interpersonal and informational; channel—voice/sound; medium—spoken transcript; register—semi-formal, partly spontaneous; language—Bahasa Indonesia; genre—press transcript with question-answer or statement-response organization.","Wartawan Bapak, izin. Boleh minta tanggapannya mengenai agenda pada hari ini seperti apa? Presiden Republik Indonesia (Prabowo Subianto) Ya, tadi pagi, kalian saya kira [juga] mengikuti. Saya ada kunjungan kenegaraan di...",255,/Users/sastrajendra/Documents/Currents/Research Papers/Prabowo's Speeches/Bahasa Indonesia/048 - President Speech - 2024-12-18 - usai Pertemuan Bilateral dengan Perdana Menteri Pakistan.txt
049,2024-12-18,2024,Bahasa Indonesia,usai Pertemuan Bilateral Presiden RI dan Presiden Republik Arab Mesir dalam Kunjungan Kenegaraan,Diplomatic exchange / joint statement,International diplomacy and strategic partnership,"Bilateral or multilateral diplomacy, foreign relations, and strategic cooperation; activity type—diplomatic exchange / joint statement; institutional setting—presidential/state discourse.","Participants—President Prabowo Subianto and foreign leaders/diplomatic or international elites; relationship—formally equal sovereign actors, high mutual respect; social proximity—distant to moderately close, protocol-bound.",Language role—primary/ceremonial and persuasive; channel—voice/sound; medium—spoken transcript; register—formal; language—Bahasa Indonesia; genre—diplomatic address or joint statement.,"Bismillahirrahmanirahim. Assalamu’alaikum warahmatullahi wabarakatuh. Yang Mulia Presiden Abdel Fattah El-Sisi, presiden dari Republik Arab Mesir; Para menteri, para pimpinan negara; Saudara-saudara dari media. Pertama,...",727,/Users/sastrajendra/Documents/Currents/Research Papers/Prabowo's Speeches/Bahasa Indonesia/049 - President Speech - 2024-12-18 - usai Pertemuan Bilateral Presiden RI dan Presiden Republik Arab Mesir dalam Kunjungan Kenegaraan.txt
050,2024-12-19,2024,English,"D-8 Summit at the Presidential Palace, New Administrative Capital, Cairo, Egypt, December 19, 2024",Ceremonial / policy address,International diplomacy and strategic partnership,"Bilateral or multilateral diplomacy, foreign relations, and strategic cooperation; activity type—ceremonial / policy address; institutional setting—presidential/state discourse.","Participants—President Prabowo Subianto and foreign leaders/diplomatic or international elites; relationship—formally equal sovereign actors, high mutual respect; social proximity—distant to moderately close, protocol-bound.","Language role—primary/informational, ceremonial, and persuasive; channel—voice/sound; medium—spoken transcript; register—formal; language—English; genre—prepared presidential speech/address.","Bismillahirrahmanirrahim. Assalamu’alaikum warahmatullahi wabarakatuh. His Excellency Abdel Fattah El-Sisi, President of the Arab Republic of Egypt; Honorable Heads of State and Government of the D-8 organization, Ambas...",685,"/Users/sastrajendra/Documents/Currents/Research Papers/Prabowo's Speeches/English/050 - President Speech - 2024-12-19 - D-8 Summit at the Presidential Palace, New Administrative Capital, Cairo, Egypt, December 19, 2024.txt"
051,2024-12-19,2024,English,Konferensi Tingkat Tinggi (KTT) D-8,Ceremonial / policy address,International diplomacy and strategic partnership,"Bilateral or multilateral diplomacy, foreign relations, and strategic cooperation; activity type—ceremonial / policy address; institutional setting—presidential/state discourse.","Participants—President Prabowo Subianto and foreign leaders/diplomatic or international elites; relationship—formally equal sovereign actors, high mutual respect; social proximity—distant to moderately close, protocol-bound.","Language role—primary/informational, ceremonial, and persuasive; channel—voice/sound; medium—spoken transcript; register—formal; language—English; genre—prepared presidential speech/address.","Bismillahirrahmanirrahim. Assalamu’alaikum warahmatullahi wabarakatuh. His Excellency Abdel Fattah El-Sisi, President of the Arab Republic of Egypt; Honorable Heads of State and Government of the D-8 organization, Ambas...",685,/Users/sastrajendra/Documents/Currents/Research Papers/Prabowo's Speeches/English/051 - President Speech - 2024-12-19 - Konferensi Tingkat Tinggi (KTT) D-8.txt
052,2024-12-19,2024,English,Sesi Khusus Konferensi Tingkat Tinggi (KTT) D-8,Ceremonial / policy address,International diplomacy and strategic partnership,"Bilateral or multilateral diplomacy, foreign relations, and strategic cooperation; activity type—ceremonial / policy address; institutional setting—presidential/state discourse.","Participants—President Prabowo Subianto and foreign leaders/diplomatic or international elites; relationship—formally equal sovereign actors, high mutual respect; social proximity—distant to moderately close, protocol-bound.","Language role—primary/informational, ceremonial, and persuasive; channel—voice/sound; medium—spoken transcript; register—formal; language—English; genre—prepared presidential speech/address.","Bismillahirrahmanirrahim. Distinguished Heads of Governments/Heads of States, We convene today once again to condemn the outrageous violation of international law, the blatant and flagrant atrocities being carried out....",375,/Users/sastrajendra/Documents/Currents/Research Papers/Prabowo's Speeches/English/052 - President Speech - 2024-12-19 - Sesi Khusus Konferensi Tingkat Tinggi (KTT) D-8.txt
053,2024-12-19,2024,English,"the Special Session of D-8 Summit at the Presidential Palace, New Administrative Capital, Cairo, Egypt",Ceremonial / policy address,International diplomacy and strategic partnership,"Bilateral or multilateral diplomacy, foreign relations, and strategic cooperation; activity type—ceremonial / policy address; institutional setting—presidential/state discourse.","Participants—President Prabowo Subianto and foreign leaders/diplomatic or international elites; relationship—formally equal sovereign actors, high mutual respect; social proximity—distant to moderately close, protocol-bound.","Language role—primary/informational, ceremonial, and persuasive; channel—voice/sound; medium—spoken transcript; register—formal; language—English; genre—prepared presidential speech/address.","Bismillahirrahmanirrahim. Distinguished Heads of Governments/Heads of States, We convene today once again to condemn the outrageous violation of international law, the blatant and flagrant atrocities being carried out....",375,"/Users/sastrajendra/Documents/Currents/Research Papers/Prabowo's Speeches/English/053 - President Speech - 2024-12-19 - the Special Session of D-8 Summit at the Presidential Palace, New Administrative Capital, Cairo, Egypt.txt"
054,2024-12-25,2024,English,"Christmas 2024 and New Year 2025, in Hambalang, Bogor Regency, West Java Province, December 25, 2024",Public greeting / condolence,"Religious, cultural, and social solidarity","Religious commemoration, condolences, greetings, social harmony, or civic solidarity; activity type—public greeting / condolence; institutional setting—presidential/state discourse.",Participants—President and invited public/institutional audience; relationship—asymmetrical but ceremonially respectful; social proximity—public and formal.,Language role—primary/expressive and interpersonal; channel—voice/sound; medium—spoken transcript; register—formal; language—English; genre—public greeting/condolence message.,"Bismillahirrahmanirrahim. Assalamu’alaikum warahmatullahi wabarakatuh. Wishing peace and prosperity for us all, Shalom, Salve, Om Swastiastu, Namo Buddhaya, Greetings of Virtue, As the President of the Republic of Indon...",108,"/Users/sastrajendra/Documents/Currents/Research Papers/Prabowo's Speeches/English/054 - President Speech - 2024-12-25 - Christmas 2024 and New Year 2025, in Hambalang, Bogor Regency, West Java Province, December 25, 2024.txt"
055,2024-12-25,2024,Bahasa Indonesia,Hari Raya Natal 2024 dan Tahun Baru 2025,Public greeting / condolence,"Religious, cultural, and social solidarity","Religious commemoration, condolences, greetings, social harmony, or civic solidarity; activity type—public greeting / condolence; institutional setting—presidential/state discourse.",Participants—President and citizens/sectoral public audience; relationship—asymmetrical national leadership with persuasive solidarity; social proximity—public but affectively inclusive.,Language role—primary/expressive and interpersonal; channel—voice/sound; medium—spoken transcript; register—formal; language—Bahasa Indonesia; genre—public greeting/condolence message.,"Bismillahirrahmanirrahim. Assalamu’alaikum warahmatullahi wabarakatuh, Salam sejahtera bagi kita sekalian, Syalom, Salve, Om swastiastu, Namo buddhaya, Salam kebajikan. Saya Prabowo Subianto, Presiden Republik Indonesia...",109,/Users/sastrajendra/Documents/Currents/Research Papers/Prabowo's Speeches/Bahasa Indonesia/055 - President Speech - 2024-12-25 - Hari Raya Natal 2024 dan Tahun Baru 2025.txt
056,2024-12-28,2024,Bahasa Indonesia,Perayaan Natal Nasional Tahun 2024,Presidential address,"Religious, cultural, and social solidarity","Religious commemoration, condolences, greetings, social harmony, or civic solidarity; activity type—presidential address; institutional setting—presidential/state discourse.",Participants—President and citizens/sectoral public audience; relationship—asymmetrical national leadership with persuasive solidarity; social proximity—public but affectively inclusive.,"Language role—primary/informational, ceremonial, and persuasive; channel—voice/sound via mediated broadcast; medium—spoken transcript; register—formal; language—Bahasa Indonesia; genre—prepared presidential speech/address.","Bismillahirrahmanirrahim. Assalamu’alaikum warahmatullahi wabarakatuh, Selamat malam, Salam sejahtera bagi kita sekalian, Syalom, Salve, Om swastiastu, Namo buddhaya, Salam kebajikan. Yang saya hormati Wakil Presiden Re...",1656,/Users/sastrajendra/Documents/Currents/Research Papers/Prabowo's Speeches/Bahasa Indonesia/056 - President Speech - 2024-12-28 - Perayaan Natal Nasional Tahun 2024.txt
057,2024-12-30,2024,Bahasa Indonesia,Musyawarah Perencanaan Pembangunan Nasional (Musrenbangnas) RPJMN Tahun 2025-2029,Presidential address,"Economy, investment, and business","Investment promotion, banking, business confidence, trade, finance, or industrial growth; activity type—presidential address; institutional setting—presidential/state discourse.",Participants—President and citizens/sectoral public audience; relationship—asymmetrical national leadership with persuasive solidarity; social proximity—public but affectively inclusive.,"Language role—primary/informational, ceremonial, and persuasive; channel—voice/sound via mediated broadcast; medium—spoken transcript; register—formal; language—Bahasa Indonesia; genre—prepared presidential speech/address.","Bismillahirahmanirahim. Assalamu’alaikum warahmatullahi wabarakatuh, Selamat siang, Salam sejahtera bagi kita sekalian, Syalom, Salve, Om Swastiastu, Namo buddhaya, Salam kebajikan, Rahayu rahayu. Yang saya hormati Waki...",2459,/Users/sastrajendra/Documents/Currents/Research Papers/Prabowo's Speeches/Bahasa Indonesia/057 - President Speech - 2024-12-30 - Musyawarah Perencanaan Pembangunan Nasional (Musrenbangnas) RPJMN Tahun 2025-2029.txt
058,2024-12-31,2024,Bahasa Indonesia,terkait Pengumuman Kenaikan PPN 12 Persen Berlaku Hanya untuk Barang dan Jasa Mewah,Presidential address,Cabinet and executive governance,"Cabinet coordination, government formation, budgeting, regulation, or executive decision-making; activity type—presidential address; institutional setting—presidential/state discourse.",Participants—President and citizens/sectoral public audience; relationship—asymmetrical national leadership with persuasive solidarity; social proximity—public but affectively inclusive.,"Language role—primary/informational, ceremonial, and persuasive; channel—voice/sound; medium—spoken transcript; register—formal; language—Bahasa Indonesia; genre—prepared presidential speech/address.","Bismillahirrahmanirrahim. Assalamu’alaikum warahmatullahi wabarakatuh, Selamat sore, Salam sejahtera bagi kita sekalian, Syalom, Salve, Om swastiastu, Namo buddhaya, Salam kebajikan, Terima kasih, Saudara-saudara sekali...",814,/Users/sastrajendra/Documents/Currents/Research Papers/Prabowo's Speeches/Bahasa Indonesia/058 - President Speech - 2024-12-31 - terkait Pengumuman Kenaikan PPN 12 Persen Berlaku Hanya untuk Barang dan Jasa Mewah.txt
059,2025-01-15,2025,Bahasa Indonesia,Kunjungan Resmi Perdana Menteri Jepang Ishiba Shigeru,Press statement / media Q&A,International diplomacy and strategic partnership,"Bilateral or multilateral diplomacy, foreign relations, and strategic cooperation; activity type—press statement / media q&a; institutional setting—presidential/state discourse.","Participants—President Prabowo Subianto and journalists/media, with the wider public as overhearing audience; relationship—asymmetrical institutional authority with responsive questioning; social proximity—public, medium distance.","Language role—primary/interpersonal and informational; channel—voice/sound; medium—spoken transcript; register—semi-formal, partly spontaneous; language—Bahasa Indonesia; genre—press transcript with question-answer or statement-response organization.","Presiden Republik Indonesia (Prabowo Subianto) Yang saya hormati dan yang saya muliakan, Yang Mulia Perdana Menteri Jepang Saudara Ishiba Shigeru dan Nyonya Ishiba Yoshiko; Para Menteri dan Pejabat Tinggi dari kedua neg...",401,/Users/sastrajendra/Documents/Currents/Research Papers/Prabowo's Speeches/Bahasa Indonesia/059 - President Speech - 2025-01-15 - Kunjungan Resmi Perdana Menteri Jepang Ishiba Shigeru.txt
060,2025-01-17,2025,Bahasa Indonesia,Musyawarah Nasional Konsolidasi Persatuan Kadin Indonesia,Presidential address,"Economy, investment, and business","Investment promotion, banking, business confidence, trade, finance, or industrial growth; activity type—presidential address; institutional setting—presidential/state discourse.",Participants—President and citizens/sectoral public audience; relationship—asymmetrical national leadership with persuasive solidarity; social proximity—public but affectively inclusive.,"Language role—primary/informational, ceremonial, and persuasive; channel—voice/sound; medium—spoken transcript; register—formal; language—Bahasa Indonesia; genre—prepared presidential speech/address.","Bismillahirrahmanirrahim. Assalamu’alaikum warahmatullahi wabarakatuh, Selamat sore, Salam sejahtera bagi kita sekalian, Syalom, Salve, Om swastiastu, Namo buddhaya, Salam kebajikan. Yang saya hormati dan yang saya bang...",1160,/Users/sastrajendra/Documents/Currents/Research Papers/Prabowo's Speeches/Bahasa Indonesia/060 - President Speech - 2025-01-17 - Musyawarah Nasional Konsolidasi Persatuan Kadin Indonesia.txt
061,2025-01-17,2025,Bahasa Indonesia,pada Musyawarah Nasional Konsolidasi Persatuan Kadin Indonesia,Press statement / media Q&A,"Economy, investment, and business","Investment promotion, banking, business confidence, trade, finance, or industrial growth; activity type—press statement / media q&a; institutional setting—presidential/state discourse.","Participants—President Prabowo Subianto and journalists/media, with the wider public as overhearing audience; relationship—asymmetrical institutional authority with responsive questioning; social proximity—public, medium distance.","Language role—primary/interpersonal and informational; channel—voice/sound; medium—spoken transcript; register—semi-formal, partly spontaneous; language—Bahasa Indonesia; genre—press transcript with question-answer or statement-response organization.","Wartawan Izin, Pak. Tadi kan sempat membahas banyak keterlibatan swasta lebih besar di pemerintahan Bapak. Nah ini seperti apa nanti untuk pembangunan ke depannya? Presiden Republik Indonesia (Prabowo Subianto) Terutama...",137,/Users/sastrajendra/Documents/Currents/Research Papers/Prabowo's Speeches/Bahasa Indonesia/061 - President Speech - 2025-01-17 - pada Musyawarah Nasional Konsolidasi Persatuan Kadin Indonesia.txt
062,2025-01-23,2025,Bahasa Indonesia,Peresmian Proyek Strategis Ketenagalistrikan di 18 Provinsi,Ceremonial / policy address,"Infrastructure, energy, and natural resources","Infrastructure delivery, energy transition, mining, plantations, oil, roads, or public works; activity type—ceremonial / policy address; institutional setting—presidential/state discourse.",Participants—President and citizens/sectoral public audience; relationship—asymmetrical national leadership with persuasive solidarity; social proximity—public but affectively inclusive.,"Language role—primary/informational, ceremonial, and persuasive; channel—voice/sound via mediated broadcast; medium—spoken transcript; register—formal; language—Bahasa Indonesia; genre—prepared presidential speech/address.","Bismillahirrahmanirrahim. Assalamu’alaikum warahmatullahi wabarakatuh, Selamat pagi, Salam sejahtera bagi kita sekalian, Syalom, Salve, Om Swastiastu, Namo Buddhaya, Salam Kebajikan. Saudara-saudara sekalian, Yang saya...",976,/Users/sastrajendra/Documents/Currents/Research Papers/Prabowo's Speeches/Bahasa Indonesia/062 - President Speech - 2025-01-23 - Peresmian Proyek Strategis Ketenagalistrikan di 18 Provinsi.txt
063,2025-01-23,2025,Bahasa Indonesia,Sidang Kabinet Paripurna,Cabinet/executive briefing,Cabinet and executive governance,"Cabinet coordination, government formation, budgeting, regulation, or executive decision-making; activity type—cabinet/executive briefing; institutional setting—presidential/state discourse.","Participants—President as head of government and ministers/senior officials as institutional subordinates; relationship—hierarchical and directive; social proximity—professional, relatively close within government.",Language role—primary/instructional and policy-orienting; channel—voice/sound; medium—spoken transcript; register—formal; language—Bahasa Indonesia; genre—executive directive/briefing.,"Bismillahirrahmanirrahim. Assalamu’alaikum warahmatullahi wabarakatuh, Selamat sore, Salam sejahtera bagi kita sekalian, Syalom, Salve, Om Swastiastu, Namo Buddhaya, Salam Kebajikan. Yang saya hormati Wakil Presiden RI,...",1987,/Users/sastrajendra/Documents/Currents/Research Papers/Prabowo's Speeches/Bahasa Indonesia/063 - President Speech - 2025-01-23 - Sidang Kabinet Paripurna.txt
064,2025-01-23,2025,Bahasa Indonesia,usai Peresmian Proyek Strategis Ketenagalistrikan di 18 Provinsi,Press statement / media Q&A,"Infrastructure, energy, and natural resources","Infrastructure delivery, energy transition, mining, plantations, oil, roads, or public works; activity type—press statement / media q&a; institutional setting—presidential/state discourse.","Participants—President Prabowo Subianto and journalists/media, with the wider public as overhearing audience; relationship—asymmetrical institutional authority with responsive questioning; social proximity—public, medium distance.","Language role—primary/interpersonal and informational; channel—voice/sound; medium—spoken transcript; register—semi-formal, partly spontaneous; language—Bahasa Indonesia; genre—press transcript with question-answer or statement-response organization.","Presiden Republik Indonesia (Prabowo Subianto) Ya baik. Jadi, hari ini kita sangat bangga ya, kita bisa meresmikan 37 proyek, 26 pembangkit tenaga listrik di 18 provinsi yang menghasilkan energi 3,2 gigawatt lebih, kemu...",733,/Users/sastrajendra/Documents/Currents/Research Papers/Prabowo's Speeches/Bahasa Indonesia/064 - President Speech - 2025-01-23 - usai Peresmian Proyek Strategis Ketenagalistrikan di 18 Provinsi.txt
065,2025-01-24,2025,Bahasa Indonesia,"sebelum Keberangkatan Kunjungan Kerja ke New Delhi, India",Presidential address,International diplomacy and strategic partnership,"Bilateral or multilateral diplomacy, foreign relations, and strategic cooperation; activity type—presidential address; institutional setting—presidential/state discourse.","Participants—President Prabowo Subianto and foreign leaders/diplomatic or international elites; relationship—formally equal sovereign actors, high mutual respect; social proximity—distant to moderately close, protocol-bound.","Language role—primary/informational, ceremonial, and persuasive; channel—voice/sound; medium—spoken transcript; register—formal; language—Bahasa Indonesia; genre—prepared presidential speech/address.","Bismillahirrahmanirrahim. Assalamu’alaikum warahmatullahi wabarakatuh. Selamat sore, Salam sejahtera bagi kita sekalian, Syalom, Salve, Om Swastiastu, Namo Buddhaya, Salam Kebajikan. Selamat sore Saudara-saudara se-bang...",537,"/Users/sastrajendra/Documents/Currents/Research Papers/Prabowo's Speeches/Bahasa Indonesia/065 - President Speech - 2025-01-24 - sebelum Keberangkatan Kunjungan Kerja ke New Delhi, India.txt"
066,2025-02-10,2025,Bahasa Indonesia,Hari Pers Nasional Ke-79 tahun 2025 dari Presiden Prabowo Subianto,Presidential address,"Religious, cultural, and social solidarity","Religious commemoration, condolences, greetings, social harmony, or civic solidarity; activity type—presidential address; institutional setting—presidential/state discourse.",Participants—President and citizens/sectoral public audience; relationship—asymmetrical national leadership with persuasive solidarity; social proximity—public but affectively inclusive.,"Language role—primary/informational, ceremonial, and persuasive; channel—voice/sound; medium—spoken transcript; register—semi-formal, partly spontaneous; language—Bahasa Indonesia; genre—prepared presidential speech/address.","Bismillahirrahmanirrahim. Assalamu’alaikum warahmatullahi wabarakatuh, Salam sejahtera bagi kita sekalian, Syalom, Salve, Om Swastiastu, Namo Buddhaya, Salam kebajikan. Saudara-saudara sekalian yang saya hormati dan say...",318,/Users/sastrajendra/Documents/Currents/Research Papers/Prabowo's Speeches/Bahasa Indonesia/066 - President Speech - 2025-02-10 - Hari Pers Nasional Ke-79 tahun 2025 dari Presiden Prabowo Subianto.txt
067,2025-02-10,2025,Bahasa Indonesia,Komandan Satuan TNI,Presidential address,"Defence, security, law, and public order","Defence institutions, police/military, law enforcement, corruption, narcotics, or security; activity type—presidential address; institutional setting—presidential/state discourse.",Participants—President and citizens/sectoral public audience; relationship—asymmetrical national leadership with persuasive solidarity; social proximity—public but affectively inclusive.,"Language role—primary/informational, ceremonial, and persuasive; channel—voice/sound; medium—spoken transcript; register—formal; language—Bahasa Indonesia; genre—prepared presidential speech/address.","Bismillahirrahmanirrahim. Assalamu’alaikum warahmatullahi wabarakatuh, Selamat sore, Salam sejahtera bagi kita sekalian, Syalom, Salve, Om swastiastu, Namo buddhaya, Salam kebajikan. Yang saya hormati dan saya banggakan...",567,/Users/sastrajendra/Documents/Currents/Research Papers/Prabowo's Speeches/Bahasa Indonesia/067 - President Speech - 2025-02-10 - Komandan Satuan TNI.txt
068,2025-02-10,2025,Bahasa Indonesia,Peringatan Hari Lahir ke-102 Nahdlatul Ulama,Presidential address,"Religious, cultural, and social solidarity","Religious commemoration, condolences, greetings, social harmony, or civic solidarity; activity type—presidential address; institutional setting—presidential/state discourse.",Participants—President and citizens/sectoral public audience; relationship—asymmetrical national leadership with persuasive solidarity; social proximity—public but affectively inclusive.,"Language role—primary/informational, ceremonial, and persuasive; channel—voice/sound; medium—spoken transcript; register—formal; language—Bahasa Indonesia; genre—prepared presidential speech/address.","Bismillahirrahmanirrahim. Assalamu’alaikum warahmatullahi wabarakatuh. Bapak-bapak, Ibu-ibu sekalian, para hadirin yang saya hormati, Sebagai insan yang bertakwa marilah kita tidak henti-hentinya memanjatkan puji syukur...",1502,/Users/sastrajendra/Documents/Currents/Research Papers/Prabowo's Speeches/Bahasa Indonesia/068 - President Speech - 2025-02-10 - Peringatan Hari Lahir ke-102 Nahdlatul Ulama.txt
069,2025-02-10,2025,Bahasa Indonesia,Sidang Perdana Dewan Pertahanan Nasional,Presidential address,"Defence, security, law, and public order","Defence institutions, police/military, law enforcement, corruption, narcotics, or security; activity type—presidential address; institutional setting—presidential/state discourse.",Participants—President and citizens/sectoral public audience; relationship—asymmetrical national leadership with persuasive solidarity; social proximity—public but affectively inclusive.,"Language role—primary/informational, ceremonial, and persuasive; channel—voice/sound; medium—spoken transcript; register—formal; language—Bahasa Indonesia; genre—prepared presidential speech/address.","Bismillahirrahmanirrahim. Asalamu’alaikum warahmatullahi wabarakatuh, Selamat siang, Salam sejahtera bagi kita sekalian, Syalom, Salve, Om Swastiastu, Namo Buddhaya, Salam kebajikan. Yang saya hormati Saudara Wakil Pres...",293,/Users/sastrajendra/Documents/Currents/Research Papers/Prabowo's Speeches/Bahasa Indonesia/069 - President Speech - 2025-02-10 - Sidang Perdana Dewan Pertahanan Nasional.txt
070,2025-02-10,2025,Bahasa Indonesia,Tahun Baru Imlek 2576,Public greeting / condolence,"Religious, cultural, and social solidarity","Religious commemoration, condolences, greetings, social harmony, or civic solidarity; activity type—public greeting / condolence; institutional setting—presidential/state discourse.",Participants—President and citizens/sectoral public audience; relationship—asymmetrical national leadership with persuasive solidarity; social proximity—public but affectively inclusive.,Language role—primary/expressive and interpersonal; channel—voice/sound; medium—spoken transcript; register—formal; language—Bahasa Indonesia; genre—public greeting/condolence message.,"Bismillahirrahmanirrahim. Assalamu’alaikum warahmatullahi wabarakatuh, Salam sejahtera bagi kita sekalian, Syalom, Salve, Om swastiastu, Namo buddhaya, Salam kebajikan. Saya Prabowo Subianto, Presiden Republik Indonesia...",138,/Users/sastrajendra/Documents/Currents/Research Papers/Prabowo's Speeches/Bahasa Indonesia/070 - President Speech - 2025-02-10 - Tahun Baru Imlek 2576.txt
071,2025-02-18,2025,Bahasa Indonesia,tentang Penetapan PP Nomor 8 Tahun 2025 yang Mengatur Kewajiban Penyimpanan Devisa Hasil Ekspor SDA di,Presidential address,"Economy, investment, and business","Investment promotion, banking, business confidence, trade, finance, or industrial growth; activity type—presidential address; institutional setting—presidential/state discourse.",Participants—President and citizens/sectoral public audience; relationship—asymmetrical national leadership with persuasive solidarity; social proximity—public but affectively inclusive.,"Language role—primary/informational, ceremonial, and persuasive; channel—voice/sound; medium—spoken transcript; register—formal; language—Bahasa Indonesia; genre—prepared presidential speech/address.","Bismillahirrahmanirrahim. Assalamu’alaikum warahmatullahi wabarakatuh, Selamat siang, Salam sejahtera bagi kita sekalian, Syalom, Salve, Om swastiastu, Namo buddhaya, Salam kebajikan. Pada siang hari ini, tanggal 17 Feb...",1107,/Users/sastrajendra/Documents/Currents/Research Papers/Prabowo's Speeches/Bahasa Indonesia/071 - President Speech - 2025-02-18 - tentang Penetapan PP Nomor 8 Tahun 2025 yang Mengatur Kewajiban Penyimpanan Devisa Hasil Ekspor SDA di.txt
072,2025-02-27,2025,Bahasa Indonesia,"Peresmian Layanan Bank Emas Pegadaian dan Bank Syariah Indonesia Di The Gade Tower, Jakarta",Ceremonial / policy address,"Economy, investment, and business","Investment promotion, banking, business confidence, trade, finance, or industrial growth; activity type—ceremonial / policy address; institutional setting—presidential/state discourse.",Participants—President and citizens/sectoral public audience; relationship—asymmetrical national leadership with persuasive solidarity; social proximity—public but affectively inclusive.,"Language role—primary/informational, ceremonial, and persuasive; channel—voice/sound; medium—spoken transcript; register—formal; language—Bahasa Indonesia; genre—prepared presidential speech/address.","Bismillahirrahmanirrahim. Assalamu’alaikum warahmatullahi wabarakatuh. Selamat siang, Salam sejahtera bagi kita sekalian, Syalom, Salve, Om swastiastu, Namo Buddhaya, Salam Kebajikan. Yang saya hormati dan saya banggaka...",1125,"/Users/sastrajendra/Documents/Currents/Research Papers/Prabowo's Speeches/Bahasa Indonesia/072 - President Speech - 2025-02-27 - Peresmian Layanan Bank Emas Pegadaian dan Bank Syariah Indonesia Di The Gade Tower, Jakarta.txt"
073,2025-02-28,2025,Bahasa Indonesia,Jelang Ramadan 1446 H,Presidential address,"Religious, cultural, and social solidarity","Religious commemoration, condolences, greetings, social harmony, or civic solidarity; activity type—presidential address; institutional setting—presidential/state discourse.",Participants—President and citizens/sectoral public audience; relationship—asymmetrical national leadership with persuasive solidarity; social proximity—public but affectively inclusive.,"Language role—primary/informational, ceremonial, and persuasive; channel—voice/sound; medium—spoken transcript; register—formal; language—Bahasa Indonesia; genre—prepared presidential speech/address.","Assalamu’alaikum warahmatullahi wabarakatuh, Salam sejahtera bagi kita sekalian, Syalom, Salve, Om swastiastu, Namo Buddhaya. Saudara-saudara sekalian, saya ingin menyampaikan beberapa hal. Pada hari Jumat sore ini, say...",322,/Users/sastrajendra/Documents/Currents/Research Papers/Prabowo's Speeches/Bahasa Indonesia/073 - President Speech - 2025-02-28 - Jelang Ramadan 1446 H.txt
074,2025-03-08,2025,English,Pertemuan dengan Investor Global Ray Dalio,Presidential address,"Economy, investment, and business","Investment promotion, banking, business confidence, trade, finance, or industrial growth; activity type—presidential address; institutional setting—presidential/state discourse.",Participants—President and citizens/sectoral public audience; relationship—asymmetrical national leadership with persuasive solidarity; social proximity—public but affectively inclusive.,"Language role—primary/informational, ceremonial, and persuasive; channel—voice/sound; medium—spoken transcript; register—formal; language—English; genre—prepared presidential speech/address.","Bismillahirrahmanirrahim. Assalamu’alaikum warahmatullahi wabarakatuh. Salam sejahtera bagi kita sekalian, Syalom, Salve, Om swastiastu, Namo Buddhaya, Salam Kebajikan. Saudara-saudara sekalian yang saya hormati, Bapak-...",1168,/Users/sastrajendra/Documents/Currents/Research Papers/Prabowo's Speeches/English/074 - President Speech - 2025-03-08 - Pertemuan dengan Investor Global Ray Dalio.txt
075,2025-03-11,2025,Bahasa Indonesia,Mengenai Bonus Hari Raya kepada Pengemudi Online,Presidential address,"Economy, investment, and business","Investment promotion, banking, business confidence, trade, finance, or industrial growth; activity type—presidential address; institutional setting—presidential/state discourse.",Participants—President and citizens/sectoral public audience; relationship—asymmetrical national leadership with persuasive solidarity; social proximity—public but affectively inclusive.,"Language role—primary/informational, ceremonial, and persuasive; channel—voice/sound; medium—spoken transcript; register—formal; language—Bahasa Indonesia; genre—prepared presidential speech/address.","Bismillahirrahmanirrahim. Assalamu’alaikum warahmatullahi wabarakatuh. Selamat Siang, Salam sejahtera bagi kita sekalian, Syalom, Om swastiastu, Namo Buddhaya, Salam Kebajikan. Saudara-saudaraku sebangsa dan setanah air...",410,/Users/sastrajendra/Documents/Currents/Research Papers/Prabowo's Speeches/Bahasa Indonesia/075 - President Speech - 2025-03-11 - Mengenai Bonus Hari Raya kepada Pengemudi Online.txt
076,2025-03-11,2025,Bahasa Indonesia,Sekretaris Jenderal Partai Komunis Viet Nam,Presidential address,International diplomacy and strategic partnership,"Bilateral or multilateral diplomacy, foreign relations, and strategic cooperation; activity type—presidential address; institutional setting—presidential/state discourse.","Participants—President Prabowo Subianto and foreign leaders/diplomatic or international elites; relationship—formally equal sovereign actors, high mutual respect; social proximity—distant to moderately close, protocol-bound.","Language role—primary/informational, ceremonial, and persuasive; channel—voice/sound; medium—spoken transcript; register—formal; language—Bahasa Indonesia; genre—prepared presidential speech/address.","Yang saya hormati, Yang Mulia Saudara Tô Lâm, Sekretaris Jenderal Partai Komunis Viet Nam, dengan rombongan dari Viet Nam, Saudara-saudara menteri dan pejabat tinggi kedua negara, Saudara-saudara rekan-rekan media, Saud...",598,/Users/sastrajendra/Documents/Currents/Research Papers/Prabowo's Speeches/Bahasa Indonesia/076 - President Speech - 2025-03-11 - Sekretaris Jenderal Partai Komunis Viet Nam.txt
077,2025-03-12,2025,Bahasa Indonesia,"Mengenai THR dan Gaji 13 Bagi ASN, PPPK, Hakim, TNI Polri, dan Pensiunan Tahun 2025",Presidential address,Cabinet and executive governance,"Cabinet coordination, government formation, budgeting, regulation, or executive decision-making; activity type—presidential address; institutional setting—presidential/state discourse.",Participants—President and citizens/sectoral public audience; relationship—asymmetrical national leadership with persuasive solidarity; social proximity—public but affectively inclusive.,"Language role—primary/informational, ceremonial, and persuasive; channel—voice/sound; medium—spoken transcript; register—formal; language—Bahasa Indonesia; genre—prepared presidential speech/address.","Bismillahirrahmanirrahim. Assalamu’alaikum warahmatullahi wabarakatuh. Selamat sore, Salam sejahtera bagi kita sekalian, Syalom, Salve, Om swastiastu, Namo Buddhaya, Salam Kebajikan. Saudara-saudaraku sebangsa dan setan...",396,"/Users/sastrajendra/Documents/Currents/Research Papers/Prabowo's Speeches/Bahasa Indonesia/077 - President Speech - 2025-03-12 - Mengenai THR dan Gaji 13 Bagi ASN, PPPK, Hakim, TNI Polri, dan Pensiunan Tahun 2025.txt"
078,2025-03-18,2025,Bahasa Indonesia,"Peresmian Pabrik Pemurnian Logam Mulia PT Freeport Indonesia, Gresik",Ceremonial / policy address,"Economy, investment, and business","Investment promotion, banking, business confidence, trade, finance, or industrial growth; activity type—ceremonial / policy address; institutional setting—presidential/state discourse.",Participants—President and citizens/sectoral public audience; relationship—asymmetrical national leadership with persuasive solidarity; social proximity—public but affectively inclusive.,"Language role—primary/informational, ceremonial, and persuasive; channel—voice/sound; medium—spoken transcript; register—formal; language—Bahasa Indonesia; genre—prepared presidential speech/address.","Bismillahirrahmanirrahim. Assalamu’alaikum warahmatullahi wabarakatuh. Selamat siang, Salam sejahtera bagi kita sekalian, Syalom, Salve, Om swastiastu, Namo Buddhaya, Salam Kebajikan. Yang saya hormati Menteri ESDM, Men...",1096,"/Users/sastrajendra/Documents/Currents/Research Papers/Prabowo's Speeches/Bahasa Indonesia/078 - President Speech - 2025-03-18 - Peresmian Pabrik Pemurnian Logam Mulia PT Freeport Indonesia, Gresik.txt"
079,2025-03-18,2025,Bahasa Indonesia,"Setelah Peresmian Pabrik Pemurnian Logam Mulia PT Freeport Indonesia, Gresik",Press statement / media Q&A,"Economy, investment, and business","Investment promotion, banking, business confidence, trade, finance, or industrial growth; activity type—press statement / media q&a; institutional setting—presidential/state discourse.","Participants—President Prabowo Subianto and journalists/media, with the wider public as overhearing audience; relationship—asymmetrical institutional authority with responsive questioning; social proximity—public, medium distance.","Language role—primary/interpersonal and informational; channel—voice/sound; medium—spoken transcript; register—semi-formal, partly spontaneous; language—Bahasa Indonesia; genre—press transcript with question-answer or statement-response organization.","Wartawan Bapak, terkait peresmian hari ini? Presiden Republik Indonesia (Prabowo Subianto) Ya kita bangga, bersyukur, ya kita akhirnya punya processing dari logam-logam murni. Kita sekarang tidak mau menjual sumber alam...",110,"/Users/sastrajendra/Documents/Currents/Research Papers/Prabowo's Speeches/Bahasa Indonesia/079 - President Speech - 2025-03-18 - Setelah Peresmian Pabrik Pemurnian Logam Mulia PT Freeport Indonesia, Gresik.txt"
080,2025-03-21,2025,Bahasa Indonesia,Peresmian Kawasan Ekonomi Khusus (KEK) Industropolis Batang,Ceremonial / policy address,"Economy, investment, and business","Investment promotion, banking, business confidence, trade, finance, or industrial growth; activity type—ceremonial / policy address; institutional setting—presidential/state discourse.",Participants—President and citizens/sectoral public audience; relationship—asymmetrical national leadership with persuasive solidarity; social proximity—public but affectively inclusive.,"Language role—primary/informational, ceremonial, and persuasive; channel—voice/sound; medium—spoken transcript; register—formal; language—Bahasa Indonesia; genre—prepared presidential speech/address.","Bismillahirrahmanirrahim. Assalamu’alaikum warahmatullahi wabarakatuh. Selamat siang, Salam sejahtera bagi kita sekalian. Syalom, Salve, Om swastiastu, Namo Buddhaya, Salam Kebajikan. Yang saya hormati para Menteri Koor...",1062,/Users/sastrajendra/Documents/Currents/Research Papers/Prabowo's Speeches/Bahasa Indonesia/080 - President Speech - 2025-03-21 - Peresmian Kawasan Ekonomi Khusus (KEK) Industropolis Batang.txt
081,2025-03-21,2025,Bahasa Indonesia,Setelah Peresmian Kawasan Ekonomi Khusus (KEK) Industropolis Batang,Press statement / media Q&A,"Economy, investment, and business","Investment promotion, banking, business confidence, trade, finance, or industrial growth; activity type—press statement / media q&a; institutional setting—presidential/state discourse.","Participants—President Prabowo Subianto and journalists/media, with the wider public as overhearing audience; relationship—asymmetrical institutional authority with responsive questioning; social proximity—public, medium distance.","Language role—primary/interpersonal and informational; channel—voice/sound; medium—spoken transcript; register—semi-formal, partly spontaneous; language—Bahasa Indonesia; genre—press transcript with question-answer or statement-response organization.","Presiden Republik Indonesia (Prabowo Subianto) Alhamdulillah, hari ini kita bisa meresmikan Kawasan Ekonomi Khusus Industropolis Batang, yang saya kira sangat baik perencanaannya, visinya, dan pelaksanaannya. Ya, kita l...",254,/Users/sastrajendra/Documents/Currents/Research Papers/Prabowo's Speeches/Bahasa Indonesia/081 - President Speech - 2025-03-21 - Setelah Peresmian Kawasan Ekonomi Khusus (KEK) Industropolis Batang.txt
082,2025-03-25,2025,Bahasa Indonesia,Sidang Kabinet Paripurna Mengenai Persiapan Menjelang Hari Raya Idulfitri 1446 H,Cabinet/executive briefing,Cabinet and executive governance,"Cabinet coordination, government formation, budgeting, regulation, or executive decision-making; activity type—cabinet/executive briefing; institutional setting—presidential/state discourse.","Participants—President as head of government and ministers/senior officials as institutional subordinates; relationship—hierarchical and directive; social proximity—professional, relatively close within government.",Language role—primary/instructional and policy-orienting; channel—voice/sound; medium—spoken transcript; register—formal; language—Bahasa Indonesia; genre—executive directive/briefing.,"Bismillahirrahmanirrahim. Assalamu’alaikum warahmatullahi wabarakatuh. Selamat sore, Salam sejahtera bagi kita sekalian. Syalom, Salve, Om swastiastu, Namo Buddhaya, Salam Kebajikan. Saudara-saudara sekalian, Terima kas...",2337,/Users/sastrajendra/Documents/Currents/Research Papers/Prabowo's Speeches/Bahasa Indonesia/082 - President Speech - 2025-03-25 - Sidang Kabinet Paripurna Mengenai Persiapan Menjelang Hari Raya Idulfitri 1446 H.txt
083,2025-03-26,2025,Bahasa Indonesia,Presiden New Development Bank (NDB),Presidential address,"Economy, investment, and business","Investment promotion, banking, business confidence, trade, finance, or industrial growth; activity type—presidential address; institutional setting—presidential/state discourse.",Participants—President and citizens/sectoral public audience; relationship—asymmetrical national leadership with persuasive solidarity; social proximity—public but affectively inclusive.,"Language role—primary/informational, ceremonial, and persuasive; channel—voice/sound; medium—spoken transcript; register—formal; language—Bahasa Indonesia; genre—prepared presidential speech/address.","Assalamu’alaikum warahmatullahi wabarakatuh. Salam sejahtera bagi kita sekalian, Syalom, Salve, Om swastiastu, Namo Buddhaya, Pertama-tama, Saudara-saudara sekalian, Hari ini kita mendapat kehormatan kunjungan dari Yang...",379,/Users/sastrajendra/Documents/Currents/Research Papers/Prabowo's Speeches/Bahasa Indonesia/083 - President Speech - 2025-03-26 - Presiden New Development Bank (NDB).txt
084,2025-03-26,2025,Bahasa Indonesia,Setelah Menyaksikan Secara Langsung Pertandingan Antara Timnas Sepak Bola Indonesia dan Timnas Sepak,Press statement / media Q&A,"Sport, youth, and national morale","Sports achievement, youth commemoration, or national morale; activity type—press statement / media q&a; institutional setting—presidential/state discourse.","Participants—President Prabowo Subianto and journalists/media, with the wider public as overhearing audience; relationship—asymmetrical institutional authority with responsive questioning; social proximity—public, medium distance.","Language role—primary/interpersonal and informational; channel—voice/sound; medium—spoken transcript; register—semi-formal, partly spontaneous; language—Bahasa Indonesia; genre—press transcript with question-answer or statement-response organization.","Wartawan Selamat malam, Pak. Gimana, Pak? Presiden Republik Indonesia (Prabowo Subianto) Ya, alhamdulillah, kita berhasil. Tim nasional kita perjuangannya cukup baik. Mereka berjuang, agak keras. Saya ucapkan terima kas...",98,/Users/sastrajendra/Documents/Currents/Research Papers/Prabowo's Speeches/Bahasa Indonesia/084 - President Speech - 2025-03-26 - Setelah Menyaksikan Secara Langsung Pertandingan Antara Timnas Sepak Bola Indonesia dan Timnas Sepak.txt
085,2025-04-04,2025,Bahasa Indonesia,Setelah Melayat Mendiang Uskup Emeritus Keuskupan Agung Kupang Monsinyur (Mgr) Petrus Turang di Gereja,Press statement / media Q&A,"Religious, cultural, and social solidarity","Religious commemoration, condolences, greetings, social harmony, or civic solidarity; activity type—press statement / media q&a; institutional setting—presidential/state discourse.","Participants—President Prabowo Subianto and journalists/media, with the wider public as overhearing audience; relationship—asymmetrical institutional authority with responsive questioning; social proximity—public, medium distance.","Language role—primary/interpersonal and informational; channel—voice/sound; medium—spoken transcript; register—semi-formal, partly spontaneous; language—Bahasa Indonesia; genre—press transcript with question-answer or statement-response organization.","Presiden Republik Indonesia (Prabowo Subianto) Saya datang melayat karena memang Monsinyur Turang memang saya kenal baik, sering ketemu, dan juga ada hubungan keluarga juga. Jadi, ya saya kira sebagai manusia kita membe...",60,/Users/sastrajendra/Documents/Currents/Research Papers/Prabowo's Speeches/Bahasa Indonesia/085 - President Speech - 2025-04-04 - Setelah Melayat Mendiang Uskup Emeritus Keuskupan Agung Kupang Monsinyur (Mgr) Petrus Turang di Gereja.txt
086,2025-04-09,2025,Bahasa Indonesia,Menjelang Keberangkatan ke Timur Tengah dan Turkiye,Presidential address,International diplomacy and strategic partnership,"Bilateral or multilateral diplomacy, foreign relations, and strategic cooperation; activity type—presidential address; institutional setting—presidential/state discourse.","Participants—President Prabowo Subianto and foreign leaders/diplomatic or international elites; relationship—formally equal sovereign actors, high mutual respect; social proximity—distant to moderately close, protocol-bound.","Language role—primary/informational, ceremonial, and persuasive; channel—voice/sound; medium—spoken transcript; register—formal; language—Bahasa Indonesia; genre—prepared presidential speech/address.","Bismillahirrahmanirrahim. Assalamu’alaikum warahmatullahi wabarakatuh, Selamat malam, Saudara-saudara sekalian, Salam sejahtera bagi kita sekalian, Syalom, Salve, Om swastiastu, Namo buddhaya, Salam kebajikan. Saudara-s...",749,/Users/sastrajendra/Documents/Currents/Research Papers/Prabowo's Speeches/Bahasa Indonesia/086 - President Speech - 2025-04-09 - Menjelang Keberangkatan ke Timur Tengah dan Turkiye.txt
087,2025-04-09,2025,Bahasa Indonesia,Sebelum Keberangkatan Menuju Bandar Udara Presidential Flight Abu Dhabi,Press statement / media Q&A,International diplomacy and strategic partnership,"Bilateral or multilateral diplomacy, foreign relations, and strategic cooperation; activity type—press statement / media q&a; institutional setting—presidential/state discourse.","Participants—President Prabowo Subianto and journalists/media, with the wider public as overhearing audience; relationship—asymmetrical institutional authority with responsive questioning; social proximity—public, medium distance.","Language role—primary/interpersonal and informational; channel—voice/sound; medium—spoken transcript; register—semi-formal, partly spontaneous; language—Bahasa Indonesia; genre—press transcript with question-answer or statement-response organization.","Wartawan Pertemuan dengan Pak MBZ tadi? Presiden Republik Indonesia (Prabowo Subianto) Iya saya konsultasi tentunya dengan berbagai perkembangan geopolitik. Kita ingin mendapat masukan, pemikiran-pemikiran, pandangan-pa...",106,/Users/sastrajendra/Documents/Currents/Research Papers/Prabowo's Speeches/Bahasa Indonesia/087 - President Speech - 2025-04-09 - Sebelum Keberangkatan Menuju Bandar Udara Presidential Flight Abu Dhabi.txt
088,2025-04-11,2025,Bahasa Indonesia,Presiden Republik Turkiye,Presidential address,International diplomacy and strategic partnership,"Bilateral or multilateral diplomacy, foreign relations, and strategic cooperation; activity type—presidential address; institutional setting—presidential/state discourse.","Participants—President Prabowo Subianto and foreign leaders/diplomatic or international elites; relationship—formally equal sovereign actors, high mutual respect; social proximity—distant to moderately close, protocol-bound.","Language role—primary/informational, ceremonial, and persuasive; channel—voice/sound; medium—spoken transcript; register—formal; language—Bahasa Indonesia; genre—prepared presidential speech/address.","Yang Mulia Presiden Recep Tayyip Erdogan, Presiden Republik Turkiye; Para menteri dan pejabat tinggi dari kedua negara; Rekan-rekan media yang saya hormati. Assalamu’alaikum warahmatullahi wabarakatuh, Salam sejahtera b...",655,/Users/sastrajendra/Documents/Currents/Research Papers/Prabowo's Speeches/Bahasa Indonesia/088 - President Speech - 2025-04-11 - Presiden Republik Turkiye.txt
089,2025-04-11,2025,Bahasa Indonesia,Sebelum Bertolak Menuju Antalya,Presidential address,International diplomacy and strategic partnership,"Bilateral or multilateral diplomacy, foreign relations, and strategic cooperation; activity type—presidential address; institutional setting—presidential/state discourse.","Participants—President Prabowo Subianto and foreign leaders/diplomatic or international elites; relationship—formally equal sovereign actors, high mutual respect; social proximity—distant to moderately close, protocol-bound.","Language role—primary/informational, ceremonial, and persuasive; channel—voice/sound; medium—spoken transcript; register—formal to semi-formal; language—Bahasa Indonesia; genre—prepared presidential speech/address.","Saya kira sudah, saya diterima dengan baik di sini. Kita memang punya hubungan yang khusus dengan Turkiye. Kita ingin mempererat hubungan ini, kerja sama di berbagai bidang. Secara keseluruhan, saya sangat merasa produk...",57,/Users/sastrajendra/Documents/Currents/Research Papers/Prabowo's Speeches/Bahasa Indonesia/089 - President Speech - 2025-04-11 - Sebelum Bertolak Menuju Antalya.txt
090,2025-04-15,2025,Bahasa Indonesia,"Setelah Pertemuan dengan Raja Abdullah II, Amman, Yordania Senin, 14 April 2025",Press statement / media Q&A,International diplomacy and strategic partnership,"Bilateral or multilateral diplomacy, foreign relations, and strategic cooperation; activity type—press statement / media q&a; institutional setting—presidential/state discourse.","Participants—President Prabowo Subianto and journalists/media, with the wider public as overhearing audience; relationship—asymmetrical institutional authority with responsive questioning; social proximity—public, medium distance.","Language role—primary/interpersonal and informational; channel—voice/sound; medium—spoken transcript; register—semi-formal, partly spontaneous; language—Bahasa Indonesia; genre—press transcript with question-answer or statement-response organization.","Wartawan Pak, hasil pertemuan tadi bagaimana? Presiden Republik Indonesia (Prabowo Subianto) Ya, kita membahas peningkatan kerja sama di beberapa bidang, bidang pendidikan, sains, teknologi, ekonomi. Ya, kan kita di sin...",182,"/Users/sastrajendra/Documents/Currents/Research Papers/Prabowo's Speeches/Bahasa Indonesia/090 - President Speech - 2025-04-15 - Setelah Pertemuan dengan Raja Abdullah II, Amman, Yordania Senin, 14 April 2025.txt"
091,2025-04-22,2025,Bahasa Indonesia,Wafatnya Sri Paus Fransiskus,Presidential address,"Religious, cultural, and social solidarity","Religious commemoration, condolences, greetings, social harmony, or civic solidarity; activity type—presidential address; institutional setting—presidential/state discourse.",Participants—President and citizens/sectoral public audience; relationship—asymmetrical national leadership with persuasive solidarity; social proximity—public but affectively inclusive.,"Language role—primary/informational, ceremonial, and persuasive; channel—voice/sound; medium—spoken transcript; register—formal; language—Bahasa Indonesia; genre—prepared presidential speech/address.","Bismillahirrahmanirrahim. Assalamu’alaikum warahmatullahi wabarakatuh. Syalom, Salve, Om swastiastu, Namo Buddhaya, Salam Kebajikan. Saudara-saudara sebangsa dan se-tanah air, Dengan rasa duka yang mendalam, saya meneri...",124,/Users/sastrajendra/Documents/Currents/Research Papers/Prabowo's Speeches/Bahasa Indonesia/091 - President Speech - 2025-04-22 - Wafatnya Sri Paus Fransiskus.txt
092,2025-04-23,2025,Bahasa Indonesia,Peluncuran Gerakan Indonesia Menanam (Gerina),Presidential address,"Food security, agriculture, and rural development","Agricultural production, food self-sufficiency, planting, fisheries, or rural welfare; activity type—presidential address; institutional setting—presidential/state discourse.",Participants—President and citizens/sectoral public audience; relationship—asymmetrical national leadership with persuasive solidarity; social proximity—public but affectively inclusive.,"Language role—primary/informational, ceremonial, and persuasive; channel—voice/sound; medium—spoken transcript; register—formal; language—Bahasa Indonesia; genre—prepared presidential speech/address.","Bismillahirrahmanirrahim. Assalamu’alaikum warahmatullahi wabarakatuh, Selamat siang, Salam sejahtera bagi kita sekalian, Syalom, Salve, Om Swastiastu, Namo Buddhaya, Salam Kebajikan. Yang saya hormati, Saudara-saudara...",2745,/Users/sastrajendra/Documents/Currents/Research Papers/Prabowo's Speeches/Bahasa Indonesia/092 - President Speech - 2025-04-23 - Peluncuran Gerakan Indonesia Menanam (Gerina).txt
093,2025-04-25,2025,Bahasa Indonesia,Setelah Peluncuran Program Gerakan Indonesia Menanam,Press statement / media Q&A,"Food security, agriculture, and rural development","Agricultural production, food self-sufficiency, planting, fisheries, or rural welfare; activity type—press statement / media q&a; institutional setting—presidential/state discourse.","Participants—President Prabowo Subianto and journalists/media, with the wider public as overhearing audience; relationship—asymmetrical institutional authority with responsive questioning; social proximity—public, medium distance.","Language role—primary/interpersonal and informational; channel—voice/sound; medium—spoken transcript; register—semi-formal, partly spontaneous; language—Bahasa Indonesia; genre—press transcript with question-answer or statement-response organization.","Presiden Republik Indonesia (Prabowo Subianto) Saya tadi sangat bahagia, gembira, bangga ada inisiatif membuat Gerakan Indonesia Menanam dengan segala hasil risetnya sendiri, inovasi, kerja sama antara unsur tadi, ada u...",238,/Users/sastrajendra/Documents/Currents/Research Papers/Prabowo's Speeches/Bahasa Indonesia/093 - President Speech - 2025-04-25 - Setelah Peluncuran Program Gerakan Indonesia Menanam.txt
094,2025-04-29,2025,Bahasa Indonesia,"Setelah Town Hall Danantara Indonesia 2025 di Jakarta Convention Center (JCC), Provinsi DKI Jakarta",Press statement / media Q&A,"Economy, investment, and business","Investment promotion, banking, business confidence, trade, finance, or industrial growth; activity type—press statement / media q&a; institutional setting—presidential/state discourse.","Participants—President Prabowo Subianto and journalists/media, with the wider public as overhearing audience; relationship—asymmetrical institutional authority with responsive questioning; social proximity—public, medium distance.","Language role—primary/interpersonal and informational; channel—voice/sound; medium—spoken transcript; register—semi-formal, partly spontaneous; language—Bahasa Indonesia; genre—press transcript with question-answer or statement-response organization.","Wartawan Tadi meeting berlangsung tertutup, poin-poinnya apa saja, Pak? Presiden Republik Indonesia (Prabowo Subianto) Iya, jadi tadi saya menyampaikan bahwa Danantara ini adalah kekayaan bangsa Indonesia, harus dikelol...",248,"/Users/sastrajendra/Documents/Currents/Research Papers/Prabowo's Speeches/Bahasa Indonesia/094 - President Speech - 2025-04-29 - Setelah Town Hall Danantara Indonesia 2025 di Jakarta Convention Center (JCC), Provinsi DKI Jakarta.txt"
095,2025-05-01,2025,Bahasa Indonesia,"Peringatan Hari Buruh Internasional di Monumen Nasional, Kota Administrasi Jakarta Pusat, Provinsi DKI",Presidential address,"Economy, investment, and business","Investment promotion, banking, business confidence, trade, finance, or industrial growth; activity type—presidential address; institutional setting—presidential/state discourse.",Participants—President and citizens/sectoral public audience; relationship—asymmetrical national leadership with persuasive solidarity; social proximity—public but affectively inclusive.,"Language role—primary/informational, ceremonial, and persuasive; channel—voice/sound; medium—spoken transcript; register—formal; language—Bahasa Indonesia; genre—prepared presidential speech/address.","Bismillahirrahmanirrahim. Assalamu’alaikum warahmatullahi wabarakatuh, Selamat pagi, Salam sejahtera bagi kita sekalian, Syalom, Salve, Om Swastiastu, Namo Buddhaya, Salam kebajikan. Yang saya hormati dan yang saya bang...",1588,"/Users/sastrajendra/Documents/Currents/Research Papers/Prabowo's Speeches/Bahasa Indonesia/095 - President Speech - 2025-05-01 - Peringatan Hari Buruh Internasional di Monumen Nasional, Kota Administrasi Jakarta Pusat, Provinsi DKI.txt"
096,2025-05-04,2025,Bahasa Indonesia,Peresmian Terminal Khusus Haji dan Umrah 2F Bandar Udara Internasional Soekarno-Hatta di Bandar Udara,Ceremonial / policy address,Health and public service,"Healthcare, hospitals, public health, social protection, or public services; activity type—ceremonial / policy address; institutional setting—presidential/state discourse.",Participants—President and citizens/sectoral public audience; relationship—asymmetrical national leadership with persuasive solidarity; social proximity—public but affectively inclusive.,"Language role—primary/informational, ceremonial, and persuasive; channel—voice/sound; medium—spoken transcript; register—formal; language—Bahasa Indonesia; genre—prepared presidential speech/address.","Bismillahirrahmanirrahim. Assalamu’alaikum warahmatullahi wabarakatuh. Selamat siang, Salam sejahtera bagi kita sekalian. Saudara-saudara sekalian, para menteri, para wakil menteri, kepala badan, wakil kepala badan Kabi...",740,/Users/sastrajendra/Documents/Currents/Research Papers/Prabowo's Speeches/Bahasa Indonesia/096 - President Speech - 2025-05-04 - Peresmian Terminal Khusus Haji dan Umrah 2F Bandar Udara Internasional Soekarno-Hatta di Bandar Udara.txt
097,2025-05-04,2025,Bahasa Indonesia,Setelah Peresmian Terminal Khusus Haji dan Umrah 2F Bandar Udara Internasional Soekarno-Hatta di Bandar,Press statement / media Q&A,Health and public service,"Healthcare, hospitals, public health, social protection, or public services; activity type—press statement / media q&a; institutional setting—presidential/state discourse.","Participants—President Prabowo Subianto and journalists/media, with the wider public as overhearing audience; relationship—asymmetrical institutional authority with responsive questioning; social proximity—public, medium distance.","Language role—primary/interpersonal and informational; channel—voice/sound; medium—spoken transcript; register—semi-formal, partly spontaneous; language—Bahasa Indonesia; genre—press transcript with question-answer or statement-response organization.","Presiden Republik Indonesia (Prabowo Subianto) Ya kita berjuang sama semua pihak, Menteri Agama, Kepala Badan [Penyelenggara] Haji [dan Umrah], semuanya, kita sedang mencari yang paling mungkin, kita turunin lagi, turun...",182,/Users/sastrajendra/Documents/Currents/Research Papers/Prabowo's Speeches/Bahasa Indonesia/097 - President Speech - 2025-05-04 - Setelah Peresmian Terminal Khusus Haji dan Umrah 2F Bandar Udara Internasional Soekarno-Hatta di Bandar.txt
098,2025-05-05,2025,Bahasa Indonesia,Sidang Kabinet Paripurna mengenai Evaluasi Semester Pertama Pemerintahan,Cabinet/executive briefing,Cabinet and executive governance,"Cabinet coordination, government formation, budgeting, regulation, or executive decision-making; activity type—cabinet/executive briefing; institutional setting—presidential/state discourse.","Participants—President as head of government and ministers/senior officials as institutional subordinates; relationship—hierarchical and directive; social proximity—professional, relatively close within government.",Language role—primary/instructional and policy-orienting; channel—voice/sound; medium—spoken transcript; register—formal; language—Bahasa Indonesia; genre—executive directive/briefing.,"Bismillahirrahmanirrahim. Assalamu’alaikum warahmatullahi wabarakatuh, Selamat sore, Salam sejahtera bagi kita sekalian, Syalom, Salve, Om Swastiastu, Namo Buddhaya, Salam kebajikan. Yang saya hormati Saudara Wakil Pres...",5549,/Users/sastrajendra/Documents/Currents/Research Papers/Prabowo's Speeches/Bahasa Indonesia/098 - President Speech - 2025-05-05 - Sidang Kabinet Paripurna mengenai Evaluasi Semester Pertama Pemerintahan.txt
099,2025-05-08,2025,Bahasa Indonesia,Halal Bihalal Presiden RI Bersama Purnawirawan TNI AD dan Keluarga Besar TNI-Polri di Balai Kartini,Presidential address,"Defence, security, law, and public order","Defence institutions, police/military, law enforcement, corruption, narcotics, or security; activity type—presidential address; institutional setting—presidential/state discourse.",Participants—President and invited public/institutional audience; relationship—asymmetrical but ceremonially respectful; social proximity—public and formal.,"Language role—primary/informational, ceremonial, and persuasive; channel—voice/sound; medium—spoken transcript; register—semi-formal, partly spontaneous; language—Bahasa Indonesia; genre—prepared presidential speech/address.","Bismillahirrahmanirrahim. Assalamu’alaikum warahmatullahi wabarakatuh. Selamat sore, Salam sejahtera bagi kita sekalian, Syalom, Salve, Om swastiastu, Namo Buddhaya, Salam Kebajikan. Yang saya hormati Wakil Presiden Rep...",2760,/Users/sastrajendra/Documents/Currents/Research Papers/Prabowo's Speeches/Bahasa Indonesia/099 - President Speech - 2025-05-08 - Halal Bihalal Presiden RI Bersama Purnawirawan TNI AD dan Keluarga Besar TNI-Polri di Balai Kartini.txt
100,2025-05-09,2025,Bahasa Indonesia,Pertemuan Bill Gates dengan Filantropis Indonesia,Presidential address,Health and public service,"Healthcare, hospitals, public health, social protection, or public services; activity type—presidential address; institutional setting—presidential/state discourse.",Participants—President and citizens/sectoral public audience; relationship—asymmetrical national leadership with persuasive solidarity; social proximity—public but affectively inclusive.,"Language role—primary/informational, ceremonial, and persuasive; channel—voice/sound; medium—spoken transcript; register—formal to semi-formal; language—Bahasa Indonesia; genre—prepared presidential speech/address.","The honourable Mr. Bill Gates, the chair of the Gates Foundation. I will speak first in Indonesian, then I will translate it directly. Saudara-saudara sekalian, Kita kedatangan tamu kehormatan Saudara Bill Gates, Ketua...",516,/Users/sastrajendra/Documents/Currents/Research Papers/Prabowo's Speeches/Bahasa Indonesia/100 - President Speech - 2025-05-09 - Pertemuan Bill Gates dengan Filantropis Indonesia.txt
101,2025-05-14,2025,Bahasa Indonesia,Pelepasan Jenazah Almarhum Mayor Jenderal TNI (Purn.) Eddie Mardjoeki Nalapraya di Padepokan Pencak,Presidential address,"Defence, security, law, and public order","Defence institutions, police/military, law enforcement, corruption, narcotics, or security; activity type—presidential address; institutional setting—presidential/state discourse.",Participants—President and citizens/sectoral public audience; relationship—asymmetrical national leadership with persuasive solidarity; social proximity—public but affectively inclusive.,"Language role—primary/informational, ceremonial, and persuasive; channel—voice/sound; medium—spoken transcript; register—formal; language—Bahasa Indonesia; genre—prepared presidential speech/address.","Bismillahirrahmanirrahim. Assalamu’alaikum warahmatullahi wabarakatuh, Saudara-saudara sekalian, Atas nama Pemerintah Republik Indonesia, juga atas nama seluruh masyarakat pencak silat Indonesia dan dunia, dan atas nama...",372,/Users/sastrajendra/Documents/Currents/Research Papers/Prabowo's Speeches/Bahasa Indonesia/101 - President Speech - 2025-05-14 - Pelepasan Jenazah Almarhum Mayor Jenderal TNI (Purn.) Eddie Mardjoeki Nalapraya di Padepokan Pencak.txt
102,2025-05-15,2025,Bahasa Indonesia,Penganugerahan Bintang Kebesaran Negara Brunei Darussalam “Darjah Kerabat Laila Utama Yang Amat,Ceremonial / policy address,International diplomacy and strategic partnership,"Bilateral or multilateral diplomacy, foreign relations, and strategic cooperation; activity type—ceremonial / policy address; institutional setting—presidential/state discourse.","Participants—President Prabowo Subianto and foreign leaders/diplomatic or international elites; relationship—formally equal sovereign actors, high mutual respect; social proximity—distant to moderately close, protocol-bound.","Language role—primary/informational, ceremonial, and persuasive; channel—voice/sound; medium—spoken transcript; register—formal; language—Bahasa Indonesia; genre—prepared presidential speech/address.","Yang saya hormati dan saya muliakan Kebawah Duli Yang Maha Mulia Paduka Seri Baginda Sultan Haji Hassanal Bolkiah Mu’izzaddin Waddaulah ibni Almarhum Sultan Haji Omar ‘Ali Saifuddien Sa’adul Khairi Waddien, Sultan dan Y...",323,/Users/sastrajendra/Documents/Currents/Research Papers/Prabowo's Speeches/Bahasa Indonesia/102 - President Speech - 2025-05-15 - Penganugerahan Bintang Kebesaran Negara Brunei Darussalam “Darjah Kerabat Laila Utama Yang Amat.txt
103,2025-05-19,2025,English,Perdana Menteri Australia,Press statement / media Q&A,International diplomacy and strategic partnership,"Bilateral or multilateral diplomacy, foreign relations, and strategic cooperation; activity type—press statement / media q&a; institutional setting—presidential/state discourse.","Participants—President Prabowo Subianto and journalists/media, with the wider public as overhearing audience; relationship—asymmetrical institutional authority with responsive questioning; social proximity—public, medium distance.","Language role—primary/interpersonal and informational; channel—voice/sound; medium—spoken transcript; register—semi-formal, partly spontaneous; language—English; genre—press transcript with question-answer or statement-response organization.","Presiden Republik Indonesia (Prabowo Subianto) Yang Mulia Anthony Albanese, Perdana Menteri Australia, dan para delegasi dari Australia yang saya hormati; Saudara-saudara sekalian para Menko dan Menteri Kabinet Merah Pu...",1700,/Users/sastrajendra/Documents/Currents/Research Papers/Prabowo's Speeches/English/103 - President Speech - 2025-05-19 - Perdana Menteri Australia.txt
104,2025-05-19,2025,Bahasa Indonesia,Peresmian Pembukaan the 19th Session of Parliamentary Union of the OIC Member States (PUIC) Conference,Ceremonial / policy address,International diplomacy and strategic partnership,"Bilateral or multilateral diplomacy, foreign relations, and strategic cooperation; activity type—ceremonial / policy address; institutional setting—presidential/state discourse.","Participants—President Prabowo Subianto and foreign leaders/diplomatic or international elites; relationship—formally equal sovereign actors, high mutual respect; social proximity—distant to moderately close, protocol-bound.","Language role—primary/informational, ceremonial, and persuasive; channel—voice/sound; medium—spoken transcript; register—formal; language—Bahasa Indonesia; genre—prepared presidential speech/address.","Bismillahirrahmanirrahim. Assalamu’alaikum warahmatullahi wabarakatuh, Alhamdulillahirabbil ‘alamin, washalatu wasalamu ‘ala asrafil ambiya’i wal mursalin, wa ‘ala alihi washahbihi ajma’in. Amma ba’du. Selamat malam, Sa...",1505,/Users/sastrajendra/Documents/Currents/Research Papers/Prabowo's Speeches/Bahasa Indonesia/104 - President Speech - 2025-05-19 - Peresmian Pembukaan the 19th Session of Parliamentary Union of the OIC Member States (PUIC) Conference.txt
105,2025-05-19,2025,Bahasa Indonesia,Peresmian Produksi Perdana Lapangan Minyak Forel dan Terubuk (secara hybrid),Ceremonial / policy address,"Infrastructure, energy, and natural resources","Infrastructure delivery, energy transition, mining, plantations, oil, roads, or public works; activity type—ceremonial / policy address; institutional setting—presidential/state discourse.",Participants—President and citizens/sectoral public audience; relationship—asymmetrical national leadership with persuasive solidarity; social proximity—public but affectively inclusive.,"Language role—primary/informational, ceremonial, and persuasive; channel—voice/sound; medium—spoken transcript; register—formal; language—Bahasa Indonesia; genre—prepared presidential speech/address.","Bismillahirrahmanirrahim. Assalamu’alaikum warahmatullahi wabarakatuh, Selamat siang, Salam sejahtera bagi kita sekalian, Syalom, Salve, Om Swastiastu, Namo Buddhaya, Salam kebajikan. Yang saya hormati Menteri Sekretari...",711,/Users/sastrajendra/Documents/Currents/Research Papers/Prabowo's Speeches/Bahasa Indonesia/105 - President Speech - 2025-05-19 - Peresmian Produksi Perdana Lapangan Minyak Forel dan Terubuk (secara hybrid).txt
106,2025-05-20,2025,Bahasa Indonesia,"Perdana Menteri Thailand di Government House, Bangkok,Thailand Senin, 19 Mei 2025",Diplomatic exchange / joint statement,International diplomacy and strategic partnership,"Bilateral or multilateral diplomacy, foreign relations, and strategic cooperation; activity type—diplomatic exchange / joint statement; institutional setting—presidential/state discourse.","Participants—President Prabowo Subianto and foreign leaders/diplomatic or international elites; relationship—formally equal sovereign actors, high mutual respect; social proximity—distant to moderately close, protocol-bound.",Language role—primary/ceremonial and persuasive; channel—voice/sound; medium—spoken transcript; register—formal; language—Bahasa Indonesia; genre—diplomatic address or joint statement.,"Yang Mulia Perdana Menteri Kerajaan Thailand, Yang Terhormat Paetongtarn Shinawatra; Para menteri pimpinan Pemerintah Thailand yang terhormat; Para pejabat dari Indonesia dan Thailand; Rekan-rekan media; Hadirin sekalia...",699,"/Users/sastrajendra/Documents/Currents/Research Papers/Prabowo's Speeches/Bahasa Indonesia/106 - President Speech - 2025-05-20 - Perdana Menteri Thailand di Government House, Bangkok,Thailand Senin, 19 Mei 2025.txt"
107,2025-05-22,2025,Bahasa Indonesia,Peresmian Pembukaan Konvensi dan Pameran Ke-49 Indonesian Petroleum Association (IPA) Tahun 2025 di ICE,Ceremonial / policy address,"Economy, investment, and business","Investment promotion, banking, business confidence, trade, finance, or industrial growth; activity type—ceremonial / policy address; institutional setting—presidential/state discourse.",Participants—President and citizens/sectoral public audience; relationship—asymmetrical national leadership with persuasive solidarity; social proximity—public but affectively inclusive.,"Language role—primary/informational, ceremonial, and persuasive; channel—voice/sound; medium—spoken transcript; register—semi-formal, partly spontaneous; language—Bahasa Indonesia; genre—prepared presidential speech/address.","Bismillahirrahmanirrahim. Assalamu’alaikum warahmatullahi wabarakatuh. Selamat siang, Salam sejahtera bagi kita sekalian, Syalom, Salve, Om swastiastu, Namo Buddhaya, Salam kebajikan. Yang saya hormati Menteri Energi da...",1172,/Users/sastrajendra/Documents/Currents/Research Papers/Prabowo's Speeches/Bahasa Indonesia/107 - President Speech - 2025-05-22 - Peresmian Pembukaan Konvensi dan Pameran Ke-49 Indonesian Petroleum Association (IPA) Tahun 2025 di ICE.txt
108,2025-05-22,2025,Bahasa Indonesia,Setelah Pembukaan Konvensi dan Pameran Ke-49 Indonesian Petroleum Association (IPA CONVEX) Tahun 2025 di,Press statement / media Q&A,"Economy, investment, and business","Investment promotion, banking, business confidence, trade, finance, or industrial growth; activity type—press statement / media q&a; institutional setting—presidential/state discourse.","Participants—President Prabowo Subianto and journalists/media, with the wider public as overhearing audience; relationship—asymmetrical institutional authority with responsive questioning; social proximity—public, medium distance.","Language role—primary/interpersonal and informational; channel—voice/sound; medium—spoken transcript; register—semi-formal, partly spontaneous; language—Bahasa Indonesia; genre—press transcript with question-answer or statement-response organization.","Wartawan Pak, itu mau invest di mana saja, Pak? Presiden Republik Indonesia (Prabowo Subianto) Tadi beliau dari Daewoo Engineering ingin di bidang migas, di bidang konstruksi. Jadi, kita terbuka, kita welcome semua peng...",134,/Users/sastrajendra/Documents/Currents/Research Papers/Prabowo's Speeches/Bahasa Indonesia/108 - President Speech - 2025-05-22 - Setelah Pembukaan Konvensi dan Pameran Ke-49 Indonesian Petroleum Association (IPA CONVEX) Tahun 2025 di.txt
109,2025-05-26,2025,Bahasa Indonesia,Indonesia-China Business Reception 2025,Presidential address,International diplomacy and strategic partnership,"Bilateral or multilateral diplomacy, foreign relations, and strategic cooperation; activity type—presidential address; institutional setting—presidential/state discourse.","Participants—President Prabowo Subianto and foreign leaders/diplomatic or international elites; relationship—formally equal sovereign actors, high mutual respect; social proximity—distant to moderately close, protocol-bound.","Language role—primary/informational, ceremonial, and persuasive; channel—voice/sound; medium—spoken transcript; register—formal; language—Bahasa Indonesia; genre—prepared presidential speech/address.","Bismillahirrahmanirrahim. Assalamu’alaikum warahmatullahi wabarakatuh, Selamat malam, Salam sejahtera bagi kita sekalian, Syalom, Salve, Om Swastiastu, Namo Buddhaya, Salam kebajikan. Yang saya hormati dan saya muliakan...",1110,/Users/sastrajendra/Documents/Currents/Research Papers/Prabowo's Speeches/Bahasa Indonesia/109 - President Speech - 2025-05-26 - Indonesia-China Business Reception 2025.txt
110,2025-05-26,2025,Bahasa Indonesia,Premier Republik Rakyat Tiongkok (RRT) pada Pertemuan Bilateral Pemerintah RI dan Pemerintah RRT,Press statement / media Q&A,International diplomacy and strategic partnership,"Bilateral or multilateral diplomacy, foreign relations, and strategic cooperation; activity type—press statement / media q&a; institutional setting—presidential/state discourse.","Participants—President Prabowo Subianto and journalists/media, with the wider public as overhearing audience; relationship—asymmetrical institutional authority with responsive questioning; social proximity—public, medium distance.","Language role—primary/interpersonal and informational; channel—voice/sound; medium—spoken transcript; register—semi-formal, partly spontaneous; language—Bahasa Indonesia; genre—press transcript with question-answer or statement-response organization.","Presiden Republik Indonesia (Prabowo Subianto) Perdana Menteri Dewan Negara Republik Rakyat Tiongkok beserta rombongan yang terhormat, Sekali lagi, saya ucapkan selamat datang di Jakarta, ibu kota Indonesia. Dan, saya i...",330,/Users/sastrajendra/Documents/Currents/Research Papers/Prabowo's Speeches/Bahasa Indonesia/110 - President Speech - 2025-05-26 - Premier Republik Rakyat Tiongkok (RRT) pada Pertemuan Bilateral Pemerintah RI dan Pemerintah RRT.txt
111,2025-05-28,2025,Bahasa Indonesia,Presiden Republik Prancis,Press statement / media Q&A,International diplomacy and strategic partnership,"Bilateral or multilateral diplomacy, foreign relations, and strategic cooperation; activity type—press statement / media q&a; institutional setting—presidential/state discourse.","Participants—President Prabowo Subianto and journalists/media, with the wider public as overhearing audience; relationship—asymmetrical institutional authority with responsive questioning; social proximity—public, medium distance.","Language role—primary/interpersonal and informational; channel—voice/sound; medium—spoken transcript; register—semi-formal, partly spontaneous; language—Bahasa Indonesia; genre—press transcript with question-answer or statement-response organization.","Presiden Republik Indonesia (Prabowo Subianto) Yang Mulia Presiden Republik Prancis, Yang Mulia Saudara Emmanuel Macron; Seluruh delegasi Prancis; Para Menteri Koordinator dan Menteri Kabinet Merah Putih; Para tokoh usa...",1766,/Users/sastrajendra/Documents/Currents/Research Papers/Prabowo's Speeches/Bahasa Indonesia/111 - President Speech - 2025-05-28 - Presiden Republik Prancis.txt
112,2025-05-28,2025,Bahasa Indonesia,Presiden Republik Prancis pada Pertemuan Bilateral Pemerintah Republik Indonesia dan Pemerintah Republik,Press statement / media Q&A,International diplomacy and strategic partnership,"Bilateral or multilateral diplomacy, foreign relations, and strategic cooperation; activity type—press statement / media q&a; institutional setting—presidential/state discourse.","Participants—President Prabowo Subianto and journalists/media, with the wider public as overhearing audience; relationship—asymmetrical institutional authority with responsive questioning; social proximity—public, medium distance.","Language role—primary/interpersonal and informational; channel—voice/sound; medium—spoken transcript; register—semi-formal, partly spontaneous; language—Bahasa Indonesia; genre—press transcript with question-answer or statement-response organization.","Presiden Republik Indonesia (Prabowo Subianto) Yang saya hormati Presiden Emmanuel Macron, Presiden Republik Prancis, bersama delegasi yang saya hormati. Pertama, selamat datang di Indonesia! Terima kasih atas kehormata...",350,/Users/sastrajendra/Documents/Currents/Research Papers/Prabowo's Speeches/Bahasa Indonesia/112 - President Speech - 2025-05-28 - Presiden Republik Prancis pada Pertemuan Bilateral Pemerintah Republik Indonesia dan Pemerintah Republik.txt
113,2025-05-28,2025,English,Presiden Republik Prancis pada Tete-a-tete Meeting,Press statement / media Q&A,International diplomacy and strategic partnership,"Bilateral or multilateral diplomacy, foreign relations, and strategic cooperation; activity type—press statement / media q&a; institutional setting—presidential/state discourse.","Participants—President Prabowo Subianto and journalists/media, with the wider public as overhearing audience; relationship—asymmetrical institutional authority with responsive questioning; social proximity—public, medium distance.","Language role—primary/interpersonal and informational; channel—voice/sound; medium—spoken transcript; register—semi-formal, partly spontaneous; language—English; genre—press transcript with question-answer or statement-response organization.","Presiden Republik Indonesia (Prabowo Subianto) Thank you very much for your visit here, and a great honor for us. I hope we will continue our very good friendship and relation. And, I hope to visit Paris again. I think...",139,/Users/sastrajendra/Documents/Currents/Research Papers/Prabowo's Speeches/English/113 - President Speech - 2025-05-28 - Presiden Republik Prancis pada Tete-a-tete Meeting.txt
114,2025-05-29,2025,Bahasa Indonesia,Presiden Republik Prancis pada Acara Kunjungan ke Candi Borobudur,Press statement / media Q&A,International diplomacy and strategic partnership,"Bilateral or multilateral diplomacy, foreign relations, and strategic cooperation; activity type—press statement / media q&a; institutional setting—presidential/state discourse.","Participants—President Prabowo Subianto and journalists/media, with the wider public as overhearing audience; relationship—asymmetrical institutional authority with responsive questioning; social proximity—public, medium distance.","Language role—primary/interpersonal and informational; channel—voice/sound; medium—spoken transcript; register—semi-formal, partly spontaneous; language—Bahasa Indonesia; genre—press transcript with question-answer or statement-response organization.","Presiden Republik Indonesia (Prabowo Subianto) Bismillahirahmanirahim. Yang Mulia Presiden Republik Prancis, Presiden Emmanuel Macron; Ibu Brigitte Macron yang saya hormati; Hadirin sekalian yang saya muliakan. Selamat...",925,/Users/sastrajendra/Documents/Currents/Research Papers/Prabowo's Speeches/Bahasa Indonesia/114 - President Speech - 2025-05-29 - Presiden Republik Prancis pada Acara Kunjungan ke Candi Borobudur.txt
115,2025-05-29,2025,Bahasa Indonesia,Sambutan Presiden Republik Indonesia dan Presiden Republik Prancis pada Jamuan Makan Malam Kenegaraan,Press statement / media Q&A,International diplomacy and strategic partnership,"Bilateral or multilateral diplomacy, foreign relations, and strategic cooperation; activity type—press statement / media q&a; institutional setting—presidential/state discourse.","Participants—President Prabowo Subianto and journalists/media, with the wider public as overhearing audience; relationship—asymmetrical institutional authority with responsive questioning; social proximity—public, medium distance.","Language role—primary/interpersonal and informational; channel—voice/sound; medium—spoken transcript; register—semi-formal, partly spontaneous; language—Bahasa Indonesia; genre—press transcript with question-answer or statement-response organization.","Presiden Republik Indonesia (Prabowo Subianto) Yang saya hormati Yang Mulia Presiden Republik Prancis yang terhormat Saudara Emmanuel Macron bersama Ibu Brigitte Macron, dan semua hadirin yang saya hormati. Sekali lagi,...",539,/Users/sastrajendra/Documents/Currents/Research Papers/Prabowo's Speeches/Bahasa Indonesia/115 - President Speech - 2025-05-29 - Sambutan Presiden Republik Indonesia dan Presiden Republik Prancis pada Jamuan Makan Malam Kenegaraan.txt
116,2025-05-30,2025,English,"Pertemuan dengan Utusan Khusus Perdana Menteri Inggris Urusan Pendidikan, Duta Besar Inggris untuk",Press statement / media Q&A,International diplomacy and strategic partnership,"Bilateral or multilateral diplomacy, foreign relations, and strategic cooperation; activity type—press statement / media q&a; institutional setting—presidential/state discourse.","Participants—President Prabowo Subianto and journalists/media, with the wider public as overhearing audience; relationship—asymmetrical institutional authority with responsive questioning; social proximity—public, medium distance.","Language role—primary/interpersonal and informational; channel—voice/sound; medium—spoken transcript; register—semi-formal, partly spontaneous; language—English; genre—press transcript with question-answer or statement-response organization.","Presiden Republik Indonesia (Prabowo Subianto) Yes, I did ask to see the people from the universities that have plans to set up campuses here, right? Utusan Khusus Perdana Menteri Inggris Urusan Pendidikan (Prof. Sir St...",106,"/Users/sastrajendra/Documents/Currents/Research Papers/Prabowo's Speeches/English/116 - President Speech - 2025-05-30 - Pertemuan dengan Utusan Khusus Perdana Menteri Inggris Urusan Pendidikan, Duta Besar Inggris untuk.txt"
117,2025-06-05,2025,Bahasa Indonesia,Panen Raya Jagung Serentak Kuartal II dan Pelepasan Ekspor Jagung,Presidential address,"Economy, investment, and business","Investment promotion, banking, business confidence, trade, finance, or industrial growth; activity type—presidential address; institutional setting—presidential/state discourse.",Participants—President and citizens/sectoral public audience; relationship—asymmetrical national leadership with persuasive solidarity; social proximity—public but affectively inclusive.,"Language role—primary/informational, ceremonial, and persuasive; channel—voice/sound via mediated broadcast; medium—spoken transcript; register—formal; language—Bahasa Indonesia; genre—prepared presidential speech/address.","Bismillahirrahmanirrahim. Assalamu’alaikum warahmatullahi wabarakatuh, Selamat pagi, Salam sejahtera bagi kita sekalian, Syalom, Salve, Om swastiastu, Namo Buddhaya, Salam kebajikan. Adil Ka’ Talino Bacuramin Ka’ Saruga...",1786,/Users/sastrajendra/Documents/Currents/Research Papers/Prabowo's Speeches/Bahasa Indonesia/117 - President Speech - 2025-06-05 - Panen Raya Jagung Serentak Kuartal II dan Pelepasan Ekspor Jagung.txt
118,2025-06-05,2025,Bahasa Indonesia,Setelah Panen Raya Jagung Serentak Kuartal II dan Pelepasan Ekspor Jagung,Press statement / media Q&A,"Economy, investment, and business","Investment promotion, banking, business confidence, trade, finance, or industrial growth; activity type—press statement / media q&a; institutional setting—presidential/state discourse.","Participants—President Prabowo Subianto and journalists/media, with the wider public as overhearing audience; relationship—asymmetrical institutional authority with responsive questioning; social proximity—public, medium distance.","Language role—primary/interpersonal and informational; channel—voice/sound; medium—spoken transcript; register—semi-formal, partly spontaneous; language—Bahasa Indonesia; genre—press transcript with question-answer or statement-response organization.","Presiden Republik Indonesia (Prabowo Subianto) Ya, tadi kita sangat bahagia, sangat bersyukur ya. Ini bukti dengan sinergitas, dengan kerja sama semua unsur, kita produksi pangan kita sangat meningkat, luar biasa. Tahun...",147,/Users/sastrajendra/Documents/Currents/Research Papers/Prabowo's Speeches/Bahasa Indonesia/118 - President Speech - 2025-06-05 - Setelah Panen Raya Jagung Serentak Kuartal II dan Pelepasan Ekspor Jagung.txt
119,2025-06-06,2025,Bahasa Indonesia,Setelah Menyaksikan Pertandingan Laga Lanjutan Putaran Ketiga Kualifikasi Piala Dunia 2026 Indonesia VS,Press statement / media Q&A,"Sport, youth, and national morale","Sports achievement, youth commemoration, or national morale; activity type—press statement / media q&a; institutional setting—presidential/state discourse.","Participants—President Prabowo Subianto and journalists/media, with the wider public as overhearing audience; relationship—asymmetrical institutional authority with responsive questioning; social proximity—public, medium distance.","Language role—primary/interpersonal and informational; channel—voice/sound; medium—spoken transcript; register—semi-formal, partly spontaneous; language—Bahasa Indonesia; genre—press transcript with question-answer or statement-response organization.","Wartawan Bagaimana pertandingan Indonesia melawan Cina, Pak? Komentarnya, Pak? Presiden Republik Indonesia (Prabowo Subianto) Kita bersyukur, kita berhasil. Perjalanan masih ada tantangan ya, kita harus menang melawan J...",59,/Users/sastrajendra/Documents/Currents/Research Papers/Prabowo's Speeches/Bahasa Indonesia/119 - President Speech - 2025-06-06 - Setelah Menyaksikan Pertandingan Laga Lanjutan Putaran Ketiga Kualifikasi Piala Dunia 2026 Indonesia VS.txt
120,2025-06-12,2025,Bahasa Indonesia,"Pengukuhan Hakim Mahkamah Agung Republik Indonesia di Mahkamah Agung, Provinsi DKI Jakarta Kamis, 12",Presidential address,Education and human-capital development,"Schools, universities, teachers, students, defence education, or human-resource development; activity type—presidential address; institutional setting—presidential/state discourse.",Participants—President and invited public/institutional audience; relationship—asymmetrical but ceremonially respectful; social proximity—public and formal.,"Language role—primary/informational, ceremonial, and persuasive; channel—voice/sound; medium—spoken transcript; register—formal; language—Bahasa Indonesia; genre—prepared presidential speech/address.","Bismillahirrahmanirrahim. Assalamu’alaikum warahmatullahi wabarakatuh, Selamat pagi, Salam sejahtera bagi kita sekalian, Syalom, Salve, Om swastiastu, Namo Buddhaya, Salam kebajikan. Yang saya hormati dan yang saya bang...",1543,"/Users/sastrajendra/Documents/Currents/Research Papers/Prabowo's Speeches/Bahasa Indonesia/120 - President Speech - 2025-06-12 - Pengukuhan Hakim Mahkamah Agung Republik Indonesia di Mahkamah Agung, Provinsi DKI Jakarta Kamis, 12.txt"
121,2025-06-12,2025,Bahasa Indonesia,"Peresmian Kampus Bhinneka Tunggal Ika Universitas Pertahanan di Universitas Pertahanan, Kabupaten Bogor",Ceremonial / policy address,Education and human-capital development,"Schools, universities, teachers, students, defence education, or human-resource development; activity type—ceremonial / policy address; institutional setting—presidential/state discourse.",Participants—President and citizens/sectoral public audience; relationship—asymmetrical national leadership with persuasive solidarity; social proximity—public but affectively inclusive.,"Language role—primary/informational, ceremonial, and persuasive; channel—voice/sound; medium—spoken transcript; register—formal; language—Bahasa Indonesia; genre—prepared presidential speech/address.","Bismillahirrahmanirrahim. Assalamu’alaikum warahmatullahi wabarakatuh, Selamat sore, Salam sejahtera bagi kita sekalian, Syalom, Salve, Om swastiastu. Yang saya hormati dan saya banggakan Presiden ke-6 Republik Indonesi...",929,"/Users/sastrajendra/Documents/Currents/Research Papers/Prabowo's Speeches/Bahasa Indonesia/121 - President Speech - 2025-06-12 - Peresmian Kampus Bhinneka Tunggal Ika Universitas Pertahanan di Universitas Pertahanan, Kabupaten Bogor.txt"
122,2025-06-12,2025,Bahasa Indonesia,"Peresmian Pembukaan Indo Defence 2025 Expo & Forum di Indo Defence Arena, JI-Expo Kemayoran, Provinsi",Ceremonial / policy address,"Defence, security, law, and public order","Defence institutions, police/military, law enforcement, corruption, narcotics, or security; activity type—ceremonial / policy address; institutional setting—presidential/state discourse.",Participants—President and citizens/sectoral public audience; relationship—asymmetrical national leadership with persuasive solidarity; social proximity—public but affectively inclusive.,"Language role—primary/informational, ceremonial, and persuasive; channel—voice/sound; medium—spoken transcript; register—formal; language—Bahasa Indonesia; genre—prepared presidential speech/address.","Bismillahirrahmanirrahim. Assalamu’alaikum warahmatullahi wabarakatuh, Selamat pagi, Salam sejahtera bagi kita sekalian, Syalom, Salve, Om swastiastu, Namo buddhaya, Salam kebajikan. Yang saya hormati dan saya banggakan...",1103,"/Users/sastrajendra/Documents/Currents/Research Papers/Prabowo's Speeches/Bahasa Indonesia/122 - President Speech - 2025-06-12 - Peresmian Pembukaan Indo Defence 2025 Expo & Forum di Indo Defence Arena, JI-Expo Kemayoran, Provinsi.txt"
123,2025-06-13,2025,Bahasa Indonesia,"Peresmian Penutupan Konferensi Internasional Infrastruktur di Jakarta Convention Center, Kota",Ceremonial / policy address,"Infrastructure, energy, and natural resources","Infrastructure delivery, energy transition, mining, plantations, oil, roads, or public works; activity type—ceremonial / policy address; institutional setting—presidential/state discourse.",Participants—President and citizens/sectoral public audience; relationship—asymmetrical national leadership with persuasive solidarity; social proximity—public but affectively inclusive.,"Language role—primary/informational, ceremonial, and persuasive; channel—voice/sound; medium—spoken transcript; register—formal; language—Bahasa Indonesia; genre—prepared presidential speech/address.","Bismillahirrahmanirrahim. Assalamu’alaikum warahmatullahi wabarakatuh, Selamat sore, Salam sejahtera bagi kita sekalian, Syalom, Salve, Om swastiastu, Namo Buddhaya, Salam kebajikan. Yang saya hormati dan saya banggakan...",2574,"/Users/sastrajendra/Documents/Currents/Research Papers/Prabowo's Speeches/Bahasa Indonesia/123 - President Speech - 2025-06-13 - Peresmian Penutupan Konferensi Internasional Infrastruktur di Jakarta Convention Center, Kota.txt"
124,2025-06-16,2025,English,"Jamuan Santap Siang Kenegaraan di Raffles Hotel, Singapura Senin, 16 Juni 2025",Ceremonial / policy address,International diplomacy and strategic partnership,"Bilateral or multilateral diplomacy, foreign relations, and strategic cooperation; activity type—ceremonial / policy address; institutional setting—presidential/state discourse.","Participants—President Prabowo Subianto and foreign leaders/diplomatic or international elites; relationship—formally equal sovereign actors, high mutual respect; social proximity—distant to moderately close, protocol-bound.","Language role—primary/informational, ceremonial, and persuasive; channel—voice/sound; medium—spoken transcript; register—formal; language—English; genre—prepared presidential speech/address.","Your Excellency President Tharman Shanmugaratnam; Distinguished Leaders of Singapore; Ministers, Officials of the Singaporean and Indonesian Delegations and ASEAN; Distinguished Ambassadors; Ladies and Gentlemen. Good a...",636,"/Users/sastrajendra/Documents/Currents/Research Papers/Prabowo's Speeches/English/124 - President Speech - 2025-06-16 - Jamuan Santap Siang Kenegaraan di Raffles Hotel, Singapura Senin, 16 Juni 2025.txt"
125,2025-06-16,2025,English,"Perdana Menteri Singapura di Parliament House, Singapura Senin, 16 Juni 2025",Diplomatic exchange / joint statement,International diplomacy and strategic partnership,"Bilateral or multilateral diplomacy, foreign relations, and strategic cooperation; activity type—diplomatic exchange / joint statement; institutional setting—presidential/state discourse.","Participants—President Prabowo Subianto and foreign leaders/diplomatic or international elites; relationship—formally equal sovereign actors, high mutual respect; social proximity—distant to moderately close, protocol-bound.",Language role—primary/ceremonial and persuasive; channel—voice/sound; medium—spoken transcript; register—formal; language—English; genre—diplomatic address or joint statement.,"Perdana Menteri Singapura (Lawrence Wong) Your Excellency President Prabowo Subianto: Excellencies; Ladies and Gentlemen, I am delighted to welcome President Prabowo to Singapore. President Prabowo is very familiar with...",2036,"/Users/sastrajendra/Documents/Currents/Research Papers/Prabowo's Speeches/English/125 - President Speech - 2025-06-16 - Perdana Menteri Singapura di Parliament House, Singapura Senin, 16 Juni 2025.txt"
126,2025-06-20,2025,Bahasa Indonesia,Presiden Federasi Rusia pada Kunjungan Resmi Presiden RI ke St. Petersburg,Diplomatic exchange / joint statement,International diplomacy and strategic partnership,"Bilateral or multilateral diplomacy, foreign relations, and strategic cooperation; activity type—diplomatic exchange / joint statement; institutional setting—presidential/state discourse.","Participants—President Prabowo Subianto and foreign leaders/diplomatic or international elites; relationship—formally equal sovereign actors, high mutual respect; social proximity—distant to moderately close, protocol-bound.",Language role—primary/ceremonial and persuasive; channel—voice/sound; medium—spoken transcript; register—formal; language—Bahasa Indonesia; genre—diplomatic address or joint statement.,"Presiden Federasi Rusia (Vladimir Putin) (Sebagaimana diterjemahkan) Bapak Presiden yang saya hormati; Rekan-rekan dan teman saya, Kami senang menerima kunjungan Bapak Presiden di Federasi Rusia. Kunjungan Bapak Preside...",1229,/Users/sastrajendra/Documents/Currents/Research Papers/Prabowo's Speeches/Bahasa Indonesia/126 - President Speech - 2025-06-20 - Presiden Federasi Rusia pada Kunjungan Resmi Presiden RI ke St. Petersburg.txt
127,2025-06-20,2025,Bahasa Indonesia,Presiden Federasi Rusia pada Pertemuan Tete-a-Tete,Diplomatic exchange / joint statement,International diplomacy and strategic partnership,"Bilateral or multilateral diplomacy, foreign relations, and strategic cooperation; activity type—diplomatic exchange / joint statement; institutional setting—presidential/state discourse.","Participants—President Prabowo Subianto and foreign leaders/diplomatic or international elites; relationship—formally equal sovereign actors, high mutual respect; social proximity—distant to moderately close, protocol-bound.",Language role—primary/ceremonial and persuasive; channel—voice/sound; medium—spoken transcript; register—formal; language—Bahasa Indonesia; genre—diplomatic address or joint statement.,"Presiden Federasi Rusia (Vladimir Putin) Yang Mulia Bapak Presiden yang saya hormati, Saya sangat senang bertemu bersama Bapak Presiden di St. Petersburg. Kami sudah bertemu di Moskow sebelum inagurasi Bapak Presiden pa...",397,/Users/sastrajendra/Documents/Currents/Research Papers/Prabowo's Speeches/Bahasa Indonesia/127 - President Speech - 2025-06-20 - Presiden Federasi Rusia pada Pertemuan Tete-a-Tete.txt
128,2025-06-25,2025,English,St. Petersburg International Economic Forum (SPIEF ’25) di ExpoForum Convention and Exhibition Centre,Ceremonial / policy address,"Economy, investment, and business","Investment promotion, banking, business confidence, trade, finance, or industrial growth; activity type—ceremonial / policy address; institutional setting—presidential/state discourse.","Participants—President and business, investment, or financial stakeholders; relationship—state leader addressing expert/economic elites; social proximity—professional and relatively distant.","Language role—primary/informational, ceremonial, and persuasive; channel—voice/sound; medium—spoken transcript; register—formal; language—English; genre—prepared presidential speech/address.","Your Excellency President Vladimir Putin, President of the Russian Federation; Your Excellency Prince Nasser bin Hamad Al Khalifa, National Security Advisor to the King of Bahrain; Your Excellency Paul Mashatile, Vice P...",1860,/Users/sastrajendra/Documents/Currents/Research Papers/Prabowo's Speeches/English/128 - President Speech - 2025-06-25 - St. Petersburg International Economic Forum (SPIEF ’25) di ExpoForum Convention and Exhibition Centre.txt
129,2025-06-26,2025,Bahasa Indonesia,Peresmian Kawasan Ekonomi Khusus (KEK) Sanur dan Bali International Hospital,Ceremonial / policy address,"Economy, investment, and business","Investment promotion, banking, business confidence, trade, finance, or industrial growth; activity type—ceremonial / policy address; institutional setting—presidential/state discourse.",Participants—President and citizens/sectoral public audience; relationship—asymmetrical national leadership with persuasive solidarity; social proximity—public but affectively inclusive.,"Language role—primary/informational, ceremonial, and persuasive; channel—voice/sound; medium—spoken transcript; register—formal; language—Bahasa Indonesia; genre—prepared presidential speech/address.","Om swastiastu, Assalamualaikum warahmatullahi wabarakatuh, Selamat sore, Salam sejahtera bagi kita semua, Syalom, Salve, Namo Buddhaya, Salam Kebajikan. Yang saya hormati, para Menteri dan para Wakil Menteri Kabinet Mer...",1305,/Users/sastrajendra/Documents/Currents/Research Papers/Prabowo's Speeches/Bahasa Indonesia/129 - President Speech - 2025-06-26 - Peresmian Kawasan Ekonomi Khusus (KEK) Sanur dan Bali International Hospital.txt
130,2025-06-26,2025,Bahasa Indonesia,"Peresmian Ngoerah Sun Wellness and Aesthetic Center (NSWAC) di RSUP Prof. dr. I.G.N.G Ngoerah, Kota",Ceremonial / policy address,Health and public service,"Healthcare, hospitals, public health, social protection, or public services; activity type—ceremonial / policy address; institutional setting—presidential/state discourse.",Participants—President and citizens/sectoral public audience; relationship—asymmetrical national leadership with persuasive solidarity; social proximity—public but affectively inclusive.,"Language role—primary/informational, ceremonial, and persuasive; channel—voice/sound; medium—spoken transcript; register—formal; language—Bahasa Indonesia; genre—prepared presidential speech/address.","Assalamu’alaikum warahmatullahi wabarakatuh, Selamat siang, Salam sejahtera bagi kita sekalian, Syalom, Salve, Om swastiastu, Namo Buddhaya, Salam Kebajikan. Yang saya hormati, Menteri Kesehatan, Saudara Budi Gunadi Sad...",267,"/Users/sastrajendra/Documents/Currents/Research Papers/Prabowo's Speeches/Bahasa Indonesia/130 - President Speech - 2025-06-26 - Peresmian Ngoerah Sun Wellness and Aesthetic Center (NSWAC) di RSUP Prof. dr. I.G.N.G Ngoerah, Kota.txt"
131,2025-06-26,2025,Bahasa Indonesia,"Peresmian Pengoperasian dan Pembangunan Energi Terbarukan di 15 Provinsi, Peningkatan Produksi Minyak 30",Ceremonial / policy address,"Infrastructure, energy, and natural resources","Infrastructure delivery, energy transition, mining, plantations, oil, roads, or public works; activity type—ceremonial / policy address; institutional setting—presidential/state discourse.",Participants—President and citizens/sectoral public audience; relationship—asymmetrical national leadership with persuasive solidarity; social proximity—public but affectively inclusive.,"Language role—primary/informational, ceremonial, and persuasive; channel—voice/sound via mediated broadcast; medium—spoken transcript; register—formal; language—Bahasa Indonesia; genre—prepared presidential speech/address.","Bismillahirrahmanirrahim. Assalamualaikum warahmatullahi wabarakatuh, Selamat siang, Salam sejahtera bagi kita sekalian, Syalom, Salve, Om swastiastu, Namo Buddhaya, Salam kebajikan. Yang saya hormati dan yang saya bang...",3793,"/Users/sastrajendra/Documents/Currents/Research Papers/Prabowo's Speeches/Bahasa Indonesia/131 - President Speech - 2025-06-26 - Peresmian Pengoperasian dan Pembangunan Energi Terbarukan di 15 Provinsi, Peningkatan Produksi Minyak 30.txt"
132,2025-07-01,2025,Bahasa Indonesia,"Upacara Peringatan ke-79 Hari Bhayangkara di Pelataran Merdeka, Monas, Provinsi DKI Jakarta Selasa, 1",Ceremonial / policy address,"Defence, security, law, and public order","Defence institutions, police/military, law enforcement, corruption, narcotics, or security; activity type—ceremonial / policy address; institutional setting—presidential/state discourse.",Participants—President and citizens/sectoral public audience; relationship—asymmetrical national leadership with persuasive solidarity; social proximity—public but affectively inclusive.,"Language role—primary/informational, ceremonial, and persuasive; channel—voice/sound; medium—spoken transcript; register—formal; language—Bahasa Indonesia; genre—prepared presidential speech/address.","Bismillahirrahmanirrahim. Assalamu’alaikum warahmatullahi wabarakatuh. Selamat Pagi, Salam Sejahtera bagi kita semua, Syalom, Salve, Om swastiastu, Namo Buddhaya, Salam Kebajikan. Yang saya hormati, Wakil Presiden Repub...",1153,"/Users/sastrajendra/Documents/Currents/Research Papers/Prabowo's Speeches/Bahasa Indonesia/132 - President Speech - 2025-07-01 - Upacara Peringatan ke-79 Hari Bhayangkara di Pelataran Merdeka, Monas, Provinsi DKI Jakarta Selasa, 1.txt"
133,2025-07-10,2025,English,Presiden Brasil,Diplomatic exchange / joint statement,International diplomacy and strategic partnership,"Bilateral or multilateral diplomacy, foreign relations, and strategic cooperation; activity type—diplomatic exchange / joint statement; institutional setting—presidential/state discourse.","Participants—President Prabowo Subianto and foreign leaders/diplomatic or international elites; relationship—formally equal sovereign actors, high mutual respect; social proximity—distant to moderately close, protocol-bound.",Language role—primary/ceremonial and persuasive; channel—voice/sound; medium—spoken transcript; register—formal; language—English; genre—diplomatic address or joint statement.,"His excellency President Luiz Inácio Lula da Silva, President of the Federative Republic of Brazil; Distinguished Ministers and senior officials of both countries; Distinguished members of the media; Ladies and gentleme...",1067,/Users/sastrajendra/Documents/Currents/Research Papers/Prabowo's Speeches/English/133 - President Speech - 2025-07-10 - Presiden Brasil.txt
134,2025-07-13,2025,English,Pertemuan Bilateral dengan Presiden Dewan Eropa,Diplomatic exchange / joint statement,International diplomacy and strategic partnership,"Bilateral or multilateral diplomacy, foreign relations, and strategic cooperation; activity type—diplomatic exchange / joint statement; institutional setting—presidential/state discourse.","Participants—President Prabowo Subianto and foreign leaders/diplomatic or international elites; relationship—formally equal sovereign actors, high mutual respect; social proximity—distant to moderately close, protocol-bound.",Language role—primary/ceremonial and persuasive; channel—voice/sound; medium—spoken transcript; register—formal to semi-formal; language—English; genre—diplomatic address or joint statement.,"Thank you very much for receiving us today. Again, I apologize, you are receiving me on a Sunday. So, this I think, it is very out of the ordinary. I really very appreciate the sacrifice that you made and this, I think...",555,/Users/sastrajendra/Documents/Currents/Research Papers/Prabowo's Speeches/English/134 - President Speech - 2025-07-13 - Pertemuan Bilateral dengan Presiden Dewan Eropa.txt
135,2025-07-13,2025,English,"Presiden Komisi Eropa di Brussel, Belgia Minggu, 13 Juli 2025",Diplomatic exchange / joint statement,International diplomacy and strategic partnership,"Bilateral or multilateral diplomacy, foreign relations, and strategic cooperation; activity type—diplomatic exchange / joint statement; institutional setting—presidential/state discourse.","Participants—President Prabowo Subianto and foreign leaders/diplomatic or international elites; relationship—formally equal sovereign actors, high mutual respect; social proximity—distant to moderately close, protocol-bound.",Language role—primary/ceremonial and persuasive; channel—voice/sound; medium—spoken transcript; register—formal; language—English; genre—diplomatic address or joint statement.,"Thank you, Your Excellency. Madam President Ursula von der Leyen, President of the European Commission; Distinguished delegates; Ladies and gentlemen. First of all, it is a great honor for me to be here, to be received...",434,"/Users/sastrajendra/Documents/Currents/Research Papers/Prabowo's Speeches/English/135 - President Speech - 2025-07-13 - Presiden Komisi Eropa di Brussel, Belgia Minggu, 13 Juli 2025.txt"
136,2025-07-17,2025,Bahasa Indonesia,Setelah Melaksanakan Kunjungan Kerja ke Sejumlah Negara,Press statement / media Q&A,International diplomacy and strategic partnership,"Bilateral or multilateral diplomacy, foreign relations, and strategic cooperation; activity type—press statement / media q&a; institutional setting—presidential/state discourse.","Participants—President Prabowo Subianto and journalists/media, with the wider public as overhearing audience; relationship—asymmetrical institutional authority with responsive questioning; social proximity—public, medium distance.","Language role—primary/interpersonal and informational; channel—voice/sound; medium—spoken transcript; register—semi-formal, partly spontaneous; language—Bahasa Indonesia; genre—press transcript with question-answer or statement-response organization.","Presiden Republik Indonesia (Prabowo Subianto) Terima kasih, rekan-rekan sekalian. Alhamdulillah, saya tiba kembali di tanah air setelah lumayan ya, kalau tidak salah, 15 hari saya pergi, cukup lama. Dan, tapi alhamduli...",872,/Users/sastrajendra/Documents/Currents/Research Papers/Prabowo's Speeches/Bahasa Indonesia/136 - President Speech - 2025-07-17 - Setelah Melaksanakan Kunjungan Kerja ke Sejumlah Negara.txt
137,2025-07-20,2025,Bahasa Indonesia,"Setelah Kunjungan ke Kediaman Presiden ke-7 Republik Indonesia di Kelurahan Sumber, Kota Surakarta",Press statement / media Q&A,General presidential communication,"State leadership, public accountability, and national direction; activity type—press statement / media q&a; institutional setting—presidential/state discourse.","Participants—President Prabowo Subianto and journalists/media, with the wider public as overhearing audience; relationship—asymmetrical institutional authority with responsive questioning; social proximity—public, medium distance.","Language role—primary/interpersonal and informational; channel—voice/sound; medium—spoken transcript; register—semi-formal, partly spontaneous; language—Bahasa Indonesia; genre—press transcript with question-answer or statement-response organization.","Wartawan Tadi ngapain aja, Pak, di dalam? Presiden Republik Indonesia (Prabowo Subianto) Saya cerita baru keliling dari luar negeri. Ya, beliau juga mengikuti rupanya ya. Ya, saya ceritakan terobosan-terobosan yang kita...",547,"/Users/sastrajendra/Documents/Currents/Research Papers/Prabowo's Speeches/Bahasa Indonesia/137 - President Speech - 2025-07-20 - Setelah Kunjungan ke Kediaman Presiden ke-7 Republik Indonesia di Kelurahan Sumber, Kota Surakarta.txt"
138,2025-07-29,2025,Bahasa Indonesia,Perdana Menteri Malaysia Anwar Ibrahim dalam Pertemuan Tete-a-Tete,Press statement / media Q&A,International diplomacy and strategic partnership,"Bilateral or multilateral diplomacy, foreign relations, and strategic cooperation; activity type—press statement / media q&a; institutional setting—presidential/state discourse.","Participants—President Prabowo Subianto and journalists/media, with the wider public as overhearing audience; relationship—asymmetrical institutional authority with responsive questioning; social proximity—public, medium distance.","Language role—primary/interpersonal and informational; channel—voice/sound; medium—spoken transcript; register—semi-formal, partly spontaneous; language—Bahasa Indonesia; genre—press transcript with question-answer or statement-response organization.","Presiden Republik Indonesia (Prabowo Subianto) Terima kasih Dato’ Seri, kita berjumpa lagi. Dalam satu bulan sudah dua kali, ya, terima kasih. Pertama, saya ingin mengucapkan selamat, tahniah, atas kepemimpinan (leaders...",224,/Users/sastrajendra/Documents/Currents/Research Papers/Prabowo's Speeches/Bahasa Indonesia/138 - President Speech - 2025-07-29 - Perdana Menteri Malaysia Anwar Ibrahim dalam Pertemuan Tete-a-Tete.txt
139,2025-08-15,2025,Bahasa Indonesia,Penyampaian Keterangan Pemerintah Atas Rancangan Undang-Undang Tentang Anggaran Pendapatan Dan Belanja,Presidential address,"Economy, investment, and business","Investment promotion, banking, business confidence, trade, finance, or industrial growth; activity type—presidential address; institutional setting—presidential/state discourse.",Participants—President and citizens/sectoral public audience; relationship—asymmetrical national leadership with persuasive solidarity; social proximity—public but affectively inclusive.,"Language role—primary/informational, ceremonial, and persuasive; channel—voice/sound; medium—spoken transcript; register—formal; language—Bahasa Indonesia; genre—prepared presidential speech/address.","Bismillahirrahmanirrahim, Assalamu’alaikum warahmatullahi wabarakatuh, Selamat siang, Salam sejahtera bagi kita sekalian, Shalom, Salve, Om Swastiastu, Namo Buddhaya, Salam Kebajikan, Rahayu, Rahayu, Yang saya hormati S...",3642,/Users/sastrajendra/Documents/Currents/Research Papers/Prabowo's Speeches/Bahasa Indonesia/139 - President Speech - 2025-08-15 - Penyampaian Keterangan Pemerintah Atas Rancangan Undang-Undang Tentang Anggaran Pendapatan Dan Belanja.txt
140,2025-08-15,2025,Bahasa Indonesia,Sidang Tahunan Majelis Permusyawaratan Rakyat Republik Indonesia dan Sidang Bersama Dewan Perwakilan,Presidential address,General presidential communication,"State leadership, public accountability, and national direction; activity type—presidential address; institutional setting—presidential/state discourse.",Participants—President and citizens/sectoral public audience; relationship—asymmetrical national leadership with persuasive solidarity; social proximity—public but affectively inclusive.,"Language role—primary/informational, ceremonial, and persuasive; channel—voice/sound via mediated broadcast; medium—spoken transcript; register—formal; language—Bahasa Indonesia; genre—prepared presidential speech/address.","Bismillahirrahmanirrahim. Assalamu’alaikum warahmatullahi wabarakatuh, Selamat pagi, Salam sejahtera bagi kita semua, Om Swastyastu, Namo Buddhaya, Salam Kebajikan. Yang saya hormati, Wakil Presiden Republik Indonesia,...",2525,/Users/sastrajendra/Documents/Currents/Research Papers/Prabowo's Speeches/Bahasa Indonesia/140 - President Speech - 2025-08-15 - Sidang Tahunan Majelis Permusyawaratan Rakyat Republik Indonesia dan Sidang Bersama Dewan Perwakilan.txt
141,2025-08-29,2025,Bahasa Indonesia,"Peristiwa Demonstrasi dan Wafatnya Pengemudi Ojol di Hambalang, Kabupaten Bogor, Provinsi Jawa Barat",Presidential address,"Defence, security, law, and public order","Defence institutions, police/military, law enforcement, corruption, narcotics, or security; activity type—presidential address; institutional setting—presidential/state discourse.",Participants—President and citizens/sectoral public audience; relationship—asymmetrical national leadership with persuasive solidarity; social proximity—public but affectively inclusive.,"Language role—primary/informational, ceremonial, and persuasive; channel—voice/sound; medium—spoken transcript; register—formal; language—Bahasa Indonesia; genre—prepared presidential speech/address.","Bismillahirrahmanirrahim. Assalamu’alaikum warahmatullahi wabarakatuh, Salam sejahtera bagi kita sekalian, Syalom, Salve, Om swastiastu, Namo Buddhaya. Saudara-saudara sekalian, Saya telah mengikuti perkembangan beberap...",374,"/Users/sastrajendra/Documents/Currents/Research Papers/Prabowo's Speeches/Bahasa Indonesia/141 - President Speech - 2025-08-29 - Peristiwa Demonstrasi dan Wafatnya Pengemudi Ojol di Hambalang, Kabupaten Bogor, Provinsi Jawa Barat.txt"
142,2025-09-08,2025,English,"BRICS Leaders Virtual Meeting (melalui Video Conference) di Kertanegara, Kota Administrasi Jakarta",Ceremonial / policy address,International diplomacy and strategic partnership,"Bilateral or multilateral diplomacy, foreign relations, and strategic cooperation; activity type—ceremonial / policy address; institutional setting—presidential/state discourse.","Participants—President Prabowo Subianto and foreign leaders/diplomatic or international elites; relationship—formally equal sovereign actors, high mutual respect; social proximity—distant to moderately close, protocol-bound.","Language role—primary/informational, ceremonial, and persuasive; channel—voice/sound via mediated broadcast; medium—spoken transcript; register—formal; language—English; genre—prepared presidential speech/address.",Distinguished Leaders of BRICS. It is indeed a great honor for me to join this very important meeting. Indonesia considers BRICS to be a very strong pillar of stability and hope in the current international geopolitical...,257,"/Users/sastrajendra/Documents/Currents/Research Papers/Prabowo's Speeches/English/142 - President Speech - 2025-09-08 - BRICS Leaders Virtual Meeting (melalui Video Conference) di Kertanegara, Kota Administrasi Jakarta.txt"
143,2025-09-12,2025,Bahasa Indonesia,"Setelah Peninjauan SRMA 10 Margaguna, Jakarta Selatan di SRMA 10 Margaguna, Kota Administrasi Jakarta",Press statement / media Q&A,Education and human-capital development,"Schools, universities, teachers, students, defence education, or human-resource development; activity type—press statement / media q&a; institutional setting—presidential/state discourse.","Participants—President Prabowo Subianto and journalists/media, with the wider public as overhearing audience; relationship—asymmetrical institutional authority with responsive questioning; social proximity—public, medium distance.","Language role—primary/interpersonal and informational; channel—voice/sound; medium—spoken transcript; register—semi-formal, partly spontaneous; language—Bahasa Indonesia; genre—press transcript with question-answer or statement-response organization.","Presiden Republik Indonesia (Prabowo Subianto) Salah satu Sekolah Rakyat, hari ini sudah 100 [Sekolah Rakyat] yang beroperasi. Saya dapat laporan akhir September, dua minggu lagi, tiga minggu lagi, akan jadi 165 Sekolah...",996,"/Users/sastrajendra/Documents/Currents/Research Papers/Prabowo's Speeches/Bahasa Indonesia/143 - President Speech - 2025-09-12 - Setelah Peninjauan SRMA 10 Margaguna, Jakarta Selatan di SRMA 10 Margaguna, Kota Administrasi Jakarta.txt"
144,2025-09-25,2025,Bahasa Indonesia,"Setelah Menghadiri Sidang Majelis Umum ke-80 Perserikatan Bangsa-Bangsa di New York, Amerika Serikat",Press statement / media Q&A,International diplomacy and strategic partnership,"Bilateral or multilateral diplomacy, foreign relations, and strategic cooperation; activity type—press statement / media q&a; institutional setting—presidential/state discourse.","Participants—President Prabowo Subianto and journalists/media, with the wider public as overhearing audience; relationship—asymmetrical institutional authority with responsive questioning; social proximity—public, medium distance.","Language role—primary/interpersonal and informational; channel—voice/sound; medium—spoken transcript; register—semi-formal, partly spontaneous; language—Bahasa Indonesia; genre—press transcript with question-answer or statement-response organization.","Wartawan Pak, berpidato di panggung PBB untuk pertama kalinya, Bapak memaknainya seperti apa setelah 10 tahun? Presiden Republik Indonesia (Prabowo Subianto) Saya kira ini suatu kehormatan, saya bisa bicara termasuk dik...",186,"/Users/sastrajendra/Documents/Currents/Research Papers/Prabowo's Speeches/Bahasa Indonesia/144 - President Speech - 2025-09-25 - Setelah Menghadiri Sidang Majelis Umum ke-80 Perserikatan Bangsa-Bangsa di New York, Amerika Serikat.txt"
145,2025-09-25,2025,Bahasa Indonesia,Setelah Penganugerahan Gelar Tanda Kehormatan Bintang Jasa Utama Kepada Bill Gates,Press statement / media Q&A,Health and public service,"Healthcare, hospitals, public health, social protection, or public services; activity type—press statement / media q&a; institutional setting—presidential/state discourse.","Participants—President Prabowo Subianto and journalists/media, with the wider public as overhearing audience; relationship—asymmetrical institutional authority with responsive questioning; social proximity—public, medium distance.","Language role—primary/interpersonal and informational; channel—voice/sound; medium—spoken transcript; register—semi-formal, partly spontaneous; language—Bahasa Indonesia; genre—press transcript with question-answer or statement-response organization.","Wartawan Pak Presiden, bagaimana hasil pertemuan dengan Bill Gates, Pak? Presiden Republik Indonesia (Prabowo Subianto) Ya, dengan Bill Gates, sangat positif. Beliau sangat besar perhatian kepada Indonesia, banyak bantu...",132,/Users/sastrajendra/Documents/Currents/Research Papers/Prabowo's Speeches/Bahasa Indonesia/145 - President Speech - 2025-09-25 - Setelah Penganugerahan Gelar Tanda Kehormatan Bintang Jasa Utama Kepada Bill Gates.txt
146,2025-09-30,2025,Bahasa Indonesia,Saat Tiba di Tanah Air Usai Lawatan Luar Negeri,Press statement / media Q&A,International diplomacy and strategic partnership,"Bilateral or multilateral diplomacy, foreign relations, and strategic cooperation; activity type—press statement / media q&a; institutional setting—presidential/state discourse.","Participants—President Prabowo Subianto and journalists/media, with the wider public as overhearing audience; relationship—asymmetrical institutional authority with responsive questioning; social proximity—public, medium distance.","Language role—primary/interpersonal and informational; channel—voice/sound; medium—spoken transcript; register—semi-formal, partly spontaneous; language—Bahasa Indonesia; genre—press transcript with question-answer or statement-response organization.","Presiden Republik Indonesia (Prabowo Subianto) Iya, terima kasih. Alhamdulillah perjalanan cukup lama, tapi saya kira bermanfaat, produktif. Kita dapat sambutan yang baik di mana-mana dan alhamdulillah pertemuan-pertemu...",414,/Users/sastrajendra/Documents/Currents/Research Papers/Prabowo's Speeches/Bahasa Indonesia/146 - President Speech - 2025-09-30 - Saat Tiba di Tanah Air Usai Lawatan Luar Negeri.txt
147,2025-10-01,2025,Bahasa Indonesia,Akad Massal 26 Ribu Kredit Pemilikan Rumah Fasilitas Likuiditas Pembiayaan Perumahan dan Serah Terima,Presidential address,International diplomacy and strategic partnership,"Bilateral or multilateral diplomacy, foreign relations, and strategic cooperation; activity type—presidential address; institutional setting—presidential/state discourse.","Participants—President Prabowo Subianto and foreign leaders/diplomatic or international elites; relationship—formally equal sovereign actors, high mutual respect; social proximity—distant to moderately close, protocol-bound.","Language role—primary/informational, ceremonial, and persuasive; channel—voice/sound; medium—spoken transcript; register—formal; language—Bahasa Indonesia; genre—prepared presidential speech/address.","Bismillahirrahmanirrahim. Assalamu’alaikum warahmatullahi wabarakatuh, Selamat sore, Salam sejahtera bagi kita sekalian. Syalom, Salve, Om swastiastu, Namo Buddhaya, Salam Kebajikan. Yang saya hormati Menteri Perumahan...",2522,/Users/sastrajendra/Documents/Currents/Research Papers/Prabowo's Speeches/Bahasa Indonesia/147 - President Speech - 2025-10-01 - Akad Massal 26 Ribu Kredit Pemilikan Rumah Fasilitas Likuiditas Pembiayaan Perumahan dan Serah Terima.txt
148,2025-10-08,2025,Bahasa Indonesia,Amanat Presiden Republik Indonesia pada Upacara Peringatan Hari Ulang Tahun ke-80 Tentara Nasional,Ceremonial / policy address,"Defence, security, law, and public order","Defence institutions, police/military, law enforcement, corruption, narcotics, or security; activity type—ceremonial / policy address; institutional setting—presidential/state discourse.",Participants—President and citizens/sectoral public audience; relationship—asymmetrical national leadership with persuasive solidarity; social proximity—public but affectively inclusive.,"Language role—primary/informational, ceremonial, and persuasive; channel—voice/sound; medium—spoken transcript; register—formal; language—Bahasa Indonesia; genre—prepared presidential speech/address.","Bismillahirrahmanirrahim. Assalamu’alaikum warahmatullahi wabarakatuh, Selamat pagi, Salam sejahtera bagi kita sekalian, Syalom, Salve, Om swastiastu, Namo Buddhaya, Salam Kebajikan. Yang saya hormati Wakil Presiden Rep...",997,/Users/sastrajendra/Documents/Currents/Research Papers/Prabowo's Speeches/Bahasa Indonesia/148 - President Speech - 2025-10-08 - Amanat Presiden Republik Indonesia pada Upacara Peringatan Hari Ulang Tahun ke-80 Tentara Nasional.txt
149,2025-10-08,2025,Bahasa Indonesia,Penganugerahan Tanda Kehormatan Bintang Yudha Dharma Pratama dan Samkaryanugraha dalam Acara,Ceremonial / policy address,"Defence, security, law, and public order","Defence institutions, police/military, law enforcement, corruption, narcotics, or security; activity type—ceremonial / policy address; institutional setting—presidential/state discourse.",Participants—President and citizens/sectoral public audience; relationship—asymmetrical national leadership with persuasive solidarity; social proximity—public but affectively inclusive.,"Language role—primary/informational, ceremonial, and persuasive; channel—voice/sound; medium—spoken transcript; register—formal; language—Bahasa Indonesia; genre—prepared presidential speech/address.","Assalamualaikum warahmatullahi wabarakatuh, Selamat siang, Salam sejahtera bagi kita sekalian, Syalom, Salve, Om swastiastu, Namo Buddhaya, Saudara-saudara sekalian, Hari ini kita menyampaikan beberapa penghargaan kepad...",211,/Users/sastrajendra/Documents/Currents/Research Papers/Prabowo's Speeches/Bahasa Indonesia/149 - President Speech - 2025-10-08 - Penganugerahan Tanda Kehormatan Bintang Yudha Dharma Pratama dan Samkaryanugraha dalam Acara.txt
150,2025-10-08,2025,Bahasa Indonesia,"Setelah Menyaksikan Penyerahan Aset Rampasan Negara dari Tambang Ilegal Kepada PT Timah, Tbk di Smelter",Ceremonial / policy address,"Infrastructure, energy, and natural resources","Infrastructure delivery, energy transition, mining, plantations, oil, roads, or public works; activity type—ceremonial / policy address; institutional setting—presidential/state discourse.",Participants—President and citizens/sectoral public audience; relationship—asymmetrical national leadership with persuasive solidarity; social proximity—public but affectively inclusive.,"Language role—primary/informational, ceremonial, and persuasive; channel—voice/sound; medium—spoken transcript; register—formal; language—Bahasa Indonesia; genre—prepared presidential speech/address.","Saudara-saudara sekalian, Rekan-rekan media yang saya hormati. Pagi hari ini saya ke Bangka, tadi bersama-sama kita menyaksikan penyerahan rampasan negara dari perusahaan-perusahaan swasta yang melaksanakan pelanggaran...",270,"/Users/sastrajendra/Documents/Currents/Research Papers/Prabowo's Speeches/Bahasa Indonesia/150 - President Speech - 2025-10-08 - Setelah Menyaksikan Penyerahan Aset Rampasan Negara dari Tambang Ilegal Kepada PT Timah, Tbk di Smelter.txt"
151,2025-10-15,2025,Bahasa Indonesia,Saat Tiba di Tanah Air usai Hadiri KTT Perdamaian dan Penghentian Perang Gaza,Ceremonial / policy address,"Defence, security, law, and public order","Defence institutions, police/military, law enforcement, corruption, narcotics, or security; activity type—ceremonial / policy address; institutional setting—presidential/state discourse.",Participants—President and citizens/sectoral public audience; relationship—asymmetrical national leadership with persuasive solidarity; social proximity—public but affectively inclusive.,"Language role—primary/informational, ceremonial, and persuasive; channel—voice/sound; medium—spoken transcript; register—formal to semi-formal; language—Bahasa Indonesia; genre—prepared presidential speech/address.","Terima kasih, Saudara-saudara. Saya baru saja tiba dari Mesir, Sharm El-Sheikh, di situ kita kumpul. Saya kira banyak tokoh dari banyak negara menyaksikan tanda tangan pokok-pokok persetujuan rencana gencatan senjata ya...",262,/Users/sastrajendra/Documents/Currents/Research Papers/Prabowo's Speeches/Bahasa Indonesia/151 - President Speech - 2025-10-15 - Saat Tiba di Tanah Air usai Hadiri KTT Perdamaian dan Penghentian Perang Gaza.txt
152,2025-10-18,2025,Bahasa Indonesia,Setelah Menghadiri Sidang Senat Terbuka dan Dies Natalis Universitas Kebangsaan Republik Indonesia,Press statement / media Q&A,Education and human-capital development,"Schools, universities, teachers, students, defence education, or human-resource development; activity type—press statement / media q&a; institutional setting—presidential/state discourse.","Participants—President Prabowo Subianto and journalists/media, with the wider public as overhearing audience; relationship—asymmetrical institutional authority with responsive questioning; social proximity—public, medium distance.","Language role—primary/interpersonal and informational; channel—voice/sound; medium—spoken transcript; register—semi-formal, partly spontaneous; language—Bahasa Indonesia; genre—press transcript with question-answer or statement-response organization.","Presiden Republik Indonesia (Prabowo Subianto) Saya hari ini hadir di wisudanya UKRI. Kita hari ini wisuda berapa? 521 sarjana. Dan, UKRI berkembang pesat ya. Sekarang sudah tujuh fakultas ya tujuh, 15 prodi, sangat pes...",62,/Users/sastrajendra/Documents/Currents/Research Papers/Prabowo's Speeches/Bahasa Indonesia/152 - President Speech - 2025-10-18 - Setelah Menghadiri Sidang Senat Terbuka dan Dies Natalis Universitas Kebangsaan Republik Indonesia.txt
153,2025-10-20,2025,Bahasa Indonesia,Penyerahan Uang Pengganti Kerugian Negara Rp13.255244.538.149 dalam Perkara Tindak Pidana Korupsi,Ceremonial / policy address,"Defence, security, law, and public order","Defence institutions, police/military, law enforcement, corruption, narcotics, or security; activity type—ceremonial / policy address; institutional setting—presidential/state discourse.",Participants—President and citizens/sectoral public audience; relationship—asymmetrical national leadership with persuasive solidarity; social proximity—public but affectively inclusive.,"Language role—primary/informational, ceremonial, and persuasive; channel—voice/sound; medium—spoken transcript; register—formal; language—Bahasa Indonesia; genre—prepared presidential speech/address.","Bismillahirrahmanirrahim. Assalamu’alaikum warahmatullahi wabarakatuh, Selamat siang, Salam sejahtera bagi kita sekalian. Syalom, Salve, Om swastiastu, Namo Buddhaya, Salam Kebajikan. Yang saya hormati dan saya banggaka...",1206,/Users/sastrajendra/Documents/Currents/Research Papers/Prabowo's Speeches/Bahasa Indonesia/153 - President Speech - 2025-10-20 - Penyerahan Uang Pengganti Kerugian Negara Rp13.255244.538.149 dalam Perkara Tindak Pidana Korupsi.txt
154,2025-10-20,2025,Bahasa Indonesia,Sidang Kabinet Paripurna dalam rangka Memperingati Satu Tahun Pemerintahan Kabinet Merah Putih,Cabinet/executive briefing,Cabinet and executive governance,"Cabinet coordination, government formation, budgeting, regulation, or executive decision-making; activity type—cabinet/executive briefing; institutional setting—presidential/state discourse.","Participants—President as head of government and ministers/senior officials as institutional subordinates; relationship—hierarchical and directive; social proximity—professional, relatively close within government.",Language role—primary/instructional and policy-orienting; channel—voice/sound; medium—spoken transcript; register—formal; language—Bahasa Indonesia; genre—executive directive/briefing.,"Bismillahirrahmanirrahim. Assalamu’alaikum warahmatullahi wabarakatuh, Selamat sore, Salam sejahtera bagi kita sekalian. Syalom, Salve, Om swastiastu, Namo Buddhaya, Salam Kebajikan. Yang saya hormati Wakil Presiden Rep...",6992,/Users/sastrajendra/Documents/Currents/Research Papers/Prabowo's Speeches/Bahasa Indonesia/154 - President Speech - 2025-10-20 - Sidang Kabinet Paripurna dalam rangka Memperingati Satu Tahun Pemerintahan Kabinet Merah Putih.txt
155,2025-10-23,2025,Bahasa Indonesia,Presiden Republik Federasi Brasil,Press statement / media Q&A,International diplomacy and strategic partnership,"Bilateral or multilateral diplomacy, foreign relations, and strategic cooperation; activity type—press statement / media q&a; institutional setting—presidential/state discourse.","Participants—President Prabowo Subianto and journalists/media, with the wider public as overhearing audience; relationship—asymmetrical institutional authority with responsive questioning; social proximity—public, medium distance.","Language role—primary/interpersonal and informational; channel—voice/sound; medium—spoken transcript; register—semi-formal, partly spontaneous; language—Bahasa Indonesia; genre—press transcript with question-answer or statement-response organization.","Presiden Republik Indonesia (Prabowo Subianto) Yang saya hormati Yang Mulia Presiden Luiz Inacio Lula da Silva, Presiden Republik Federasi Brasil dan Ibu Negara; Para Menteri dan anggota delegasi dari Brasil dan dari In...",1666,/Users/sastrajendra/Documents/Currents/Research Papers/Prabowo's Speeches/Bahasa Indonesia/155 - President Speech - 2025-10-23 - Presiden Republik Federasi Brasil.txt
156,2025-10-29,2025,Bahasa Indonesia,Hari Sumpah Pemuda ke-97 Tahun 2025 dari Presiden Prabowo Subianto,Presidential address,"Religious, cultural, and social solidarity","Religious commemoration, condolences, greetings, social harmony, or civic solidarity; activity type—presidential address; institutional setting—presidential/state discourse.",Participants—President and citizens/sectoral public audience; relationship—asymmetrical national leadership with persuasive solidarity; social proximity—public but affectively inclusive.,"Language role—primary/informational, ceremonial, and persuasive; channel—voice/sound; medium—spoken transcript; register—formal; language—Bahasa Indonesia; genre—prepared presidential speech/address.","Bismillahirrahmanirrahim. Assalamu’alaikum warahmatullahi wabarakatuh, Salam sejahtera bagi kita sekalian. Syalom, Salve, Om swastiastu, Namo Buddhaya, Salam kebajikan, Rahayu. Salam pemuda! Saudara-saudaraku, para pemu...",420,/Users/sastrajendra/Documents/Currents/Research Papers/Prabowo's Speeches/Bahasa Indonesia/156 - President Speech - 2025-10-29 - Hari Sumpah Pemuda ke-97 Tahun 2025 dari Presiden Prabowo Subianto.txt
157,2025-10-29,2025,Bahasa Indonesia,"Pemusnahan Barang Bukti Narkoba 214,84 Ton Senilai Rp29,37 Triliun Periode Satu Tahun Pemerintahan oleh",Presidential address,"Defence, security, law, and public order","Defence institutions, police/military, law enforcement, corruption, narcotics, or security; activity type—presidential address; institutional setting—presidential/state discourse.",Participants—President and citizens/sectoral public audience; relationship—asymmetrical national leadership with persuasive solidarity; social proximity—public but affectively inclusive.,"Language role—primary/informational, ceremonial, and persuasive; channel—voice/sound; medium—spoken transcript; register—formal; language—Bahasa Indonesia; genre—prepared presidential speech/address.","Bismillahirrahmanirrahim. Assalamu’alaikum warahmatullahi wabarakatuh, Selamat siang, Salam sejahtera bagi kita sekalian. Syalom, Salve, Om swastiastu, Namo Buddhaya, Salam Kebajikan. Yang saya hormati dan saya banggaka...",2493,"/Users/sastrajendra/Documents/Currents/Research Papers/Prabowo's Speeches/Bahasa Indonesia/157 - President Speech - 2025-10-29 - Pemusnahan Barang Bukti Narkoba 214,84 Ton Senilai Rp29,37 Triliun Periode Satu Tahun Pemerintahan oleh.txt"
158,2025-10-29,2025,Bahasa Indonesia,"Pemusnahan Barang Bukti Narkoba Sejumlah 214,84 Ton Senilai Rp29,37 Triliun Periode Satu Tahun",Press statement / media Q&A,"Defence, security, law, and public order","Defence institutions, police/military, law enforcement, corruption, narcotics, or security; activity type—press statement / media q&a; institutional setting—presidential/state discourse.","Participants—President Prabowo Subianto and journalists/media, with the wider public as overhearing audience; relationship—asymmetrical institutional authority with responsive questioning; social proximity—public, medium distance.","Language role—primary/interpersonal and informational; channel—voice/sound; medium—spoken transcript; register—semi-formal, partly spontaneous; language—Bahasa Indonesia; genre—press transcript with question-answer or statement-response organization.","Presiden Republik Indonesia (Prabowo Subianto) Saya, kita lihat sendiri ya. Saya kira Polri telah bekerja keras bersama BNN dan yang lain-lain. Kita anggap narkoba ini sangat berbahaya untuk kita sekalian ya. Tapi ini p...",185,"/Users/sastrajendra/Documents/Currents/Research Papers/Prabowo's Speeches/Bahasa Indonesia/158 - President Speech - 2025-10-29 - Pemusnahan Barang Bukti Narkoba Sejumlah 214,84 Ton Senilai Rp29,37 Triliun Periode Satu Tahun.txt"
159,2026-01-05,2026,Bahasa Indonesia,"Perayaan Natal Nasional Tahun 2025 di Tenis Indoor Senayan, Kota Administrasi Jakarta Pusat, Provinsi",Presidential address,"Religious, cultural, and social solidarity","Religious commemoration, condolences, greetings, social harmony, or civic solidarity; activity type—presidential address; institutional setting—presidential/state discourse.",Participants—President and invited public/institutional audience; relationship—asymmetrical but ceremonially respectful; social proximity—public and formal.,"Language role—primary/informational, ceremonial, and persuasive; channel—voice/sound; medium—spoken transcript; register—formal; language—Bahasa Indonesia; genre—prepared presidential speech/address.","Bismillahirrahmanirrahim. Assalamu’alaikum warahmatullahi wabarakatuh, Selamat malam, Salam sejahtera bagi kita sekalian, Syalom, Salve, Om swastiastu, Namo Buddhaya, Salam kebajikan, Rahayu, rahayu. Yang saya hormati,...",3454,"/Users/sastrajendra/Documents/Currents/Research Papers/Prabowo's Speeches/Bahasa Indonesia/159 - President Speech - 2026-01-05 - Perayaan Natal Nasional Tahun 2025 di Tenis Indoor Senayan, Kota Administrasi Jakarta Pusat, Provinsi.txt"
160,2026-01-07,2026,Bahasa Indonesia,"Panen Raya dan Pengumuman Swasembada Pangan di Desa Kertamukti, Kabupaten Karawang, Provinsi Jawa Barat",Presidential address,"Food security, agriculture, and rural development","Agricultural production, food self-sufficiency, planting, fisheries, or rural welfare; activity type—presidential address; institutional setting—presidential/state discourse.",Participants—President and citizens/sectoral public audience; relationship—asymmetrical national leadership with persuasive solidarity; social proximity—public but affectively inclusive.,"Language role—primary/informational, ceremonial, and persuasive; channel—voice/sound via mediated broadcast; medium—spoken transcript; register—formal; language—Bahasa Indonesia; genre—prepared presidential speech/address.","Bismillahirrahmanirrahim. Assalamu’alaikum warahmatullahi wabarakatuh, Selamat siang, Salam sejahtera bagi kita sekalian, Syalom, Salve, Om swastiastu, Namo Buddhaya, Salam kebajikan, Rahayu, rahayu. Yang saya hormati,...",3552,"/Users/sastrajendra/Documents/Currents/Research Papers/Prabowo's Speeches/Bahasa Indonesia/160 - President Speech - 2026-01-07 - Panen Raya dan Pengumuman Swasembada Pangan di Desa Kertamukti, Kabupaten Karawang, Provinsi Jawa Barat.txt"
161,2026-01-07,2026,Bahasa Indonesia,"Taklimat Awal Tahun Presiden Republik Indonesia di Hambalang, Provinsi Jawa Barat",Cabinet/executive briefing,Cabinet and executive governance,"Cabinet coordination, government formation, budgeting, regulation, or executive decision-making; activity type—cabinet/executive briefing; institutional setting—presidential/state discourse.","Participants—President as head of government and ministers/senior officials as institutional subordinates; relationship—hierarchical and directive; social proximity—professional, relatively close within government.",Language role—primary/instructional and policy-orienting; channel—voice/sound; medium—spoken transcript; register—formal; language—Bahasa Indonesia; genre—executive directive/briefing.,"Bismillahirrahmanirrahim. Assalamu’alaikum warahmatullahi wabarakatuh, Selamat siang, Salam sejahtera bagi kita sekalian, Syalom, Salve, Om Swastiastu, Namo Buddhaya, Salam Kebajikan, Rahayu, rahayu. Yang saya hormati,...",1574,"/Users/sastrajendra/Documents/Currents/Research Papers/Prabowo's Speeches/Bahasa Indonesia/161 - President Speech - 2026-01-07 - Taklimat Awal Tahun Presiden Republik Indonesia di Hambalang, Provinsi Jawa Barat.txt"
162,2026-01-08,2026,Bahasa Indonesia,Pemberian Penghargaan Atlet SEA Games Ke-33 Thailand,Presidential address,International diplomacy and strategic partnership,"Bilateral or multilateral diplomacy, foreign relations, and strategic cooperation; activity type—presidential address; institutional setting—presidential/state discourse.","Participants—President Prabowo Subianto and foreign leaders/diplomatic or international elites; relationship—formally equal sovereign actors, high mutual respect; social proximity—distant to moderately close, protocol-bound.","Language role—primary/informational, ceremonial, and persuasive; channel—voice/sound; medium—spoken transcript; register—formal; language—Bahasa Indonesia; genre—prepared presidential speech/address.","Bismillahirrahmanirrahim. Assalamu’alaikum warahmatullahiwabarakatuh, Selamat sore, Salam sejahtera bagi kita sekalian, Syalom, Salve, Om swastiastu, Namo Buddhaya, Salam kebajikan. Yang saya hormati para Menteri Koordi...",1357,/Users/sastrajendra/Documents/Currents/Research Papers/Prabowo's Speeches/Bahasa Indonesia/162 - President Speech - 2026-01-08 - Pemberian Penghargaan Atlet SEA Games Ke-33 Thailand.txt
163,2026-01-12,2026,Bahasa Indonesia,Peresmian 166 Sekolah Rakyat di 34 Provinsi di Balai Besar Pendidkan Pelatihan Kesejahteran Sosial,Ceremonial / policy address,Education and human-capital development,"Schools, universities, teachers, students, defence education, or human-resource development; activity type—ceremonial / policy address; institutional setting—presidential/state discourse.",Participants—President and citizens/sectoral public audience; relationship—asymmetrical national leadership with persuasive solidarity; social proximity—public but affectively inclusive.,"Language role—primary/informational, ceremonial, and persuasive; channel—voice/sound; medium—spoken transcript; register—formal; language—Bahasa Indonesia; genre—prepared presidential speech/address.","Bismillahirrahmanirrahim, Assalamu’alaikum warahmatullahi wabarakatuh, Selamat pagi oh sudah selamat siang, Salam sejahtera bagi kita sekalian, Syalom, Salve, Om swastiastu, Namo Buddhaya, Salam kebajikan. Yang saya hor...",3638,/Users/sastrajendra/Documents/Currents/Research Papers/Prabowo's Speeches/Bahasa Indonesia/163 - President Speech - 2026-01-12 - Peresmian 166 Sekolah Rakyat di 34 Provinsi di Balai Besar Pendidkan Pelatihan Kesejahteran Sosial.txt
164,2026-01-12,2026,Bahasa Indonesia,Peresmian Infrastruktur Energi Terintegrasi Pertamina Refinery Development Master Plan,Ceremonial / policy address,"Infrastructure, energy, and natural resources","Infrastructure delivery, energy transition, mining, plantations, oil, roads, or public works; activity type—ceremonial / policy address; institutional setting—presidential/state discourse.",Participants—President and invited public/institutional audience; relationship—asymmetrical but ceremonially respectful; social proximity—public and formal.,"Language role—primary/informational, ceremonial, and persuasive; channel—voice/sound; medium—spoken transcript; register—formal; language—Bahasa Indonesia; genre—prepared presidential speech/address.","Bismillahirrahmanirrahim. Assalamu’alaikum warahmatullahi wabarakatuh, Selamat sore, Salam sejahtera bagi kita sekalian, Syalom, Salve, Om swastiastu, Namo Buddhaya, Salam kebajikan. Yang saya hormati Menteri Energi dan...",2605,/Users/sastrajendra/Documents/Currents/Research Papers/Prabowo's Speeches/Bahasa Indonesia/164 - President Speech - 2026-01-12 - Peresmian Infrastruktur Energi Terintegrasi Pertamina Refinery Development Master Plan.txt
165,2026-01-13,2026,Bahasa Indonesia,Peresmian SMA Taruna Nusantara Kampus Malang,Ceremonial / policy address,Education and human-capital development,"Schools, universities, teachers, students, defence education, or human-resource development; activity type—ceremonial / policy address; institutional setting—presidential/state discourse.",Participants—President and citizens/sectoral public audience; relationship—asymmetrical national leadership with persuasive solidarity; social proximity—public but affectively inclusive.,"Language role—primary/informational, ceremonial, and persuasive; channel—voice/sound; medium—spoken transcript; register—formal; language—Bahasa Indonesia; genre—prepared presidential speech/address.","Bismillahirrahmanirrahim. Assalamu’alaikum warahmatullahi wabarakatuh, Selamat siang, Salam sejahtera bagi kita sekalian, Syalom, Salve, Om swastiastu, Namo Buddhaya, Salam kebajikan. Yang saya hormati, Menteri Pendidik...",1060,/Users/sastrajendra/Documents/Currents/Research Papers/Prabowo's Speeches/Bahasa Indonesia/165 - President Speech - 2026-01-13 - Peresmian SMA Taruna Nusantara Kampus Malang.txt
166,2026-01-20,2026,Bahasa Indonesia,"Keterangan Pers di London, Inggris",Press statement / media Q&A,International diplomacy and strategic partnership,"Bilateral or multilateral diplomacy, foreign relations, and strategic cooperation; activity type—press statement / media q&a; institutional setting—presidential/state discourse.","Participants—President Prabowo Subianto and journalists/media, with the wider public as overhearing audience; relationship—asymmetrical institutional authority with responsive questioning; social proximity—public, medium distance.","Language role—primary/interpersonal and informational; channel—voice/sound; medium—spoken transcript; register—semi-formal, partly spontaneous; language—Bahasa Indonesia; genre—press transcript with question-answer or statement-response organization.","Wartawan: Izin, Bapak. Tadi Bapak sempat melakukan pertemuan dengan Perdana Menteri Inggris. Kami ingin tahu, tadi sempat membahas new strategic partnership antara Indonesia dan juga Inggris, ini seperti apa, Bapak? Pre...",307,"/Users/sastrajendra/Documents/Currents/Research Papers/Prabowo's Speeches/Bahasa Indonesia/166 - President Speech - 2026-01-20 - Keterangan Pers di London, Inggris.txt"
167,2026-01-20,2026,English,Pertemuan Bilateral Presiden Republik Indonesia Prabowo Subianto dan Perdana Menteri Inggris Keir Starmer,Diplomatic exchange / joint statement,International diplomacy and strategic partnership,"Bilateral or multilateral diplomacy, foreign relations, and strategic cooperation; activity type—diplomatic exchange / joint statement; institutional setting—presidential/state discourse.","Participants—President Prabowo Subianto and foreign leaders/diplomatic or international elites; relationship—formally equal sovereign actors, high mutual respect; social proximity—distant to moderately close, protocol-bound.",Language role—primary/ceremonial and persuasive; channel—voice/sound; medium—spoken transcript; register—formal to semi-formal; language—English; genre—diplomatic address or joint statement.,"Perdana Menteri Inggris Keir Starmer: Let me begin by extending the very warm welcome that we’ve just extended to each other to the entire delegation, and to say you’re very welcome here for what is the second visit sin...",141,/Users/sastrajendra/Documents/Currents/Research Papers/Prabowo's Speeches/English/167 - President Speech - 2026-01-20 - Pertemuan Bilateral Presiden Republik Indonesia Prabowo Subianto dan Perdana Menteri Inggris Keir Starmer.txt
168,2026-01-20,2026,English,Pertemuan Tete-a-tete Presiden Republik Indonesia Prabowo Subianto dan Perdana Menteri Inggris Keir,Diplomatic exchange / joint statement,International diplomacy and strategic partnership,"Bilateral or multilateral diplomacy, foreign relations, and strategic cooperation; activity type—diplomatic exchange / joint statement; institutional setting—presidential/state discourse.","Participants—President Prabowo Subianto and foreign leaders/diplomatic or international elites; relationship—formally equal sovereign actors, high mutual respect; social proximity—distant to moderately close, protocol-bound.",Language role—primary/ceremonial and persuasive; channel—voice/sound via mediated broadcast; medium—spoken transcript; register—formal to semi-formal; language—English; genre—diplomatic address or joint statement.,"Perdana Menteri Inggris Keir Starmer: Let me begin by welcoming you back to Downing Street, it’s a real pleasure to have you back for your second visit. Thank you. When you were here the first time we agreed that we wou...",331,/Users/sastrajendra/Documents/Currents/Research Papers/Prabowo's Speeches/English/168 - President Speech - 2026-01-20 - Pertemuan Tete-a-tete Presiden Republik Indonesia Prabowo Subianto dan Perdana Menteri Inggris Keir.txt
169,2026-01-22,2026,English,World Economic Forum (WEF) Annual Meeting 2026,Ceremonial / policy address,International diplomacy and strategic partnership,"Bilateral or multilateral diplomacy, foreign relations, and strategic cooperation; activity type—ceremonial / policy address; institutional setting—presidential/state discourse.","Participants—President Prabowo Subianto and foreign leaders/diplomatic or international elites; relationship—formally equal sovereign actors, high mutual respect; social proximity—distant to moderately close, protocol-bound.","Language role—primary/informational, ceremonial, and persuasive; channel—voice/sound; medium—spoken transcript; register—formal; language—English; genre—prepared presidential speech/address.","Distinguished President and CEO of the WEF, Mr. Borge Brende, Ladies and Gentlemen, Bismillahirrahmanirrahim, Assalamu’alaikum warahmatullahi wabarakatuh, Shalom, Salve, Om swastiastu. Ladies and Gentlemen, We gather he...",3622,/Users/sastrajendra/Documents/Currents/Research Papers/Prabowo's Speeches/English/169 - President Speech - 2026-01-22 - World Economic Forum (WEF) Annual Meeting 2026.txt
